Test ID,Suite,Description,priority ,Failure reason
access-control-bpf-capability-check,access-control,Ensures that containers do not use BPF capability. Workloads should avoid loading eBPF filters,1,
access-control-cluster-role-bindings,access-control,Tests that a Pod does not specify ClusterRoleBindings.,1,"Pod: Reason For Non Compliance=Pod is using a cluster role binding; Namespace=nedr-agent; Pod Name=nedr-agent-4pnr4; Cluster Role Reference Name=system:openshift:scc:nedr-agent-scc Pod: Reason For Non Compliance=Pod is using a cluster role binding; Namespace=nedr-agent; Pod Name=nedr-agent-5wfwt; Cluster Role Reference Name=system:openshift:scc:nedr-agent-scc Pod: Reason For Non Compliance=Pod is using a cluster role binding; Namespace=nedr-agent; Pod Name=nedr-agent-6jqqt; Cluster Role Reference Name=system:openshift:scc:nedr-agent-scc Pod: Reason For Non Compliance=Pod is using a cluster role binding; Namespace=nedr-agent; Pod Name=nedr-agent-hrcdd; Cluster Role Reference Name=system:openshift:scc:nedr-agent-scc Pod: Reason For Non Compliance=Pod is using a cluster role binding; Namespace=nedr-agent; Pod Name=nedr-agent-ll4bf; Cluster Role Reference Name=system:openshift:scc:nedr-agent-scc Pod: Reason For Non Compliance=Pod is using a cluster role binding; Namespace=nedr-agent; Pod Name=nedr-agent-pnrjk; Cluster Role Reference Name=system:openshift:scc:nedr-agent-scc Log: [ERROR] [Apr 16 14:47:51.592] [pods.go: 552] [access-control-cluster-role-bindings] Pod ""nedr-agent-4pnr4"" has service account ""nedr-agent-sa"" that is tied to cluster role binding ""system:openshift:scc:nedr-agent-scc"" [ERROR] [Apr 16 14:47:51.596] [suite.go: 686] [access-control-cluster-role-bindings] Pod ""pod: nedr-agent-4pnr4 ns: nedr-agent"" is using a cluster role binding (roleRefName=""system:openshift:scc:nedr-agent-scc"") [ERROR] [Apr 16 14:47:51.596] [pods.go: 552] [access-control-cluster-role-bindings] Pod ""nedr-agent-5wfwt"" has service account ""nedr-agent-sa"" that is tied to cluster role binding ""system:openshift:scc:nedr-agent-scc"" [ERROR] [Apr 16 14:47:51.600] [suite.go: 686] [access-control-cluster-role-bindings] Pod ""pod: nedr-agent-5wfwt ns: nedr-agent"" is using a cluster role binding (roleRefName=""system:openshift:scc:nedr-agent-scc"") [ERROR] [Apr 16 14:47:51.600] [pods.go: 552] [access-control-cluster-role-bindings] Pod ""nedr-agent-6jqqt"" has service account ""nedr-agent-sa"" that is tied to cluster role binding ""system:openshift:scc:nedr-agent-scc"" [ERROR] [Apr 16 14:47:51.605] [suite.go: 686] [access-control-cluster-role-bindings] Pod ""pod: nedr-agent-6jqqt ns: nedr-agent"" is using a cluster role binding (roleRefName=""system:openshift:scc:nedr-agent-scc"")"
access-control-container-host-port,access-control,Verifies if containers define a hostPort.,1,
access-control-crd-roles,access-control,If an application creates CRDs it must supply a role to access those CRDs and no other API resources/permission. This test checks that there is at least one role present in each namespaces under test that only refers to CRDs under test.,2,
access-control-ipc-lock-capability-check,access-control,Ensures that containers do not use IPC_LOCK capability. Workloads should avoid accessing host resources - spec.HostIpc should be false.,1,
access-control-namespace,access-control,"Tests that all workload resources (PUTs and CRs) belong to valid namespaces. A valid namespace meets
the following conditions: (1) It was declared in the yaml config file under the targetNameSpaces
tag. (2) It does not have any of the following prefixes: default, openshift-, istio- and aspenmesh-",2,
access-control-namespace-resource-quota,access-control,Checks to see if workload pods are running in namespaces that have resource quotas applied.,2,"Pod: Reason For Non Compliance=Pod is running in a namespace that does not have a ResourceQuota applied; Namespace=nedr-agent; Pod Name=nedr-agent-4pnr4 Pod: Reason For Non Compliance=Pod is running in a namespace that does not have a ResourceQuota applied; Namespace=nedr-agent; Pod Name=nedr-agent-5wfwt Pod: Reason For Non Compliance=Pod is running in a namespace that does not have a ResourceQuota applied; Namespace=nedr-agent; Pod Name=nedr-agent-6jqqt Pod: Reason For Non Compliance=Pod is running in a namespace that does not have a ResourceQuota applied; Namespace=nedr-agent; Pod Name=nedr-agent-hrcdd Pod: Reason For Non Compliance=Pod is running in a namespace that does not have a ResourceQuota applied; Namespace=nedr-agent; Pod Name=nedr-agent-ll4bf Pod: Reason For Non Compliance=Pod is running in a namespace that does not have a ResourceQuota applied; Namespace=nedr-agent; Pod Name=nedr-agent-pnrjk Log: [ERROR] [Apr 16 14:47:55.694] [suite.go: 891] [access-control-namespace-resource-quota] Pod ""pod: nedr-agent-4pnr4 ns: nedr-agent"" is running in a namespace that does not have a ResourceQuota applied. [ERROR] [Apr 16 14:47:55.694] [suite.go: 891] [access-control-namespace-resource-quota] Pod ""pod: nedr-agent-5wfwt ns: nedr-agent"" is running in a namespace that does not have a ResourceQuota applied. [ERROR] [Apr 16 14:47:55.694] [suite.go: 891] [access-control-namespace-resource-quota] Pod ""pod: nedr-agent-6jqqt ns: nedr-agent"" is running in a namespace that does not have a ResourceQuota applied. [ERROR] [Apr 16 14:47:55.694] [suite.go: 891] [access-control-namespace-resource-quota] Pod ""pod: nedr-agent-hrcdd ns: nedr-agent"" is running in a namespace that does not have a ResourceQuota applied. [ERROR] [Apr 16 14:47:55.694] [suite.go: 891] [access-control-namespace-resource-quota] Pod ""pod: nedr-agent-ll4bf ns: nedr-agent"" is running in a namespace that does not have a ResourceQuota applied. [ERROR] [Apr 16 14:47:55.694] [suite.go: 891] [access-control-namespace-resource-quota] Pod ""pod: nedr-agent-pnrjk ns: nedr-agent"" is running in a namespace that does not have a ResourceQuota applied."
access-control-net-admin-capability-check,access-control,"Ensures that containers do not use NET_ADMIN capability. Note: this test also ensures iptables and nftables are not configured by workload pods:
- NET_ADMIN and NET_RAW are required to modify nftables (namespaced) which is not desired inside pods.
nftables should be configured by an administrator outside the scope of the workload. nftables are usually configured
by operators, for instance the Performance Addon Operator (PAO) or istio.
- Privileged container are required to modify host iptables, which is not safe to perform inside pods. nftables
should be configured by an administrator outside the scope of the workload. iptables are usually configured by operators,
for instance the Performance Addon Operator (PAO) or istio.",1,
access-control-net-raw-capability-check,access-control,"Ensures that containers do not use NET_RAW capability. Note: this test also ensures iptables and nftables are not configured by workload pods:
- NET_ADMIN and NET_RAW are required to modify nftables (namespaced) which is not desired inside pods.
nftables should be configured by an administrator outside the scope of the workload. nftables are usually configured
by operators, for instance the Performance Addon Operator (PAO) or istio.
- Privileged container are required to modify host iptables, which is not safe to perform inside pods. nftables
should be configured by an administrator outside the scope of the workload. iptables are usually configured by operators,
for instance the Performance Addon Operator (PAO) or istio.",1,
access-control-no-1337-uid,access-control,Checks that all pods are not using the securityContext UID 1337,1,
access-control-one-process-per-container,access-control,Check that all containers under test have only one process running,3,"Container: Reason For Non Compliance=Container has more than one process running; Namespace=nedr-agent; Pod Name=nedr-agent-4pnr4; Container Name=agent Container: Reason For Non Compliance=Container has more than one process running; Namespace=nedr-agent; Pod Name=nedr-agent-5wfwt; Container Name=agent Container: Reason For Non Compliance=Container has more than one process running; Namespace=nedr-agent; Pod Name=nedr-agent-6jqqt; Container Name=agent Container: Reason For Non Compliance=Container has more than one process running; Namespace=nedr-agent; Pod Name=nedr-agent-hrcdd; Container Name=agent Container: Reason For Non Compliance=Container has more than one process running; Namespace=nedr-agent; Pod Name=nedr-agent-ll4bf; Container Name=agent Container: Reason For Non Compliance=Container has more than one process running; Namespace=nedr-agent; Pod Name=nedr-agent-pnrjk; Container Name=agent Log: [ERROR] [Apr 16 14:47:52.304] [suite.go: 799] [access-control-one-process-per-container] Container ""container: agent pod: nedr-agent-4pnr4 ns: nedr-agent"" has more than one process running [ERROR] [Apr 16 14:47:53.138] [suite.go: 799] [access-control-one-process-per-container] Container ""container: agent pod: nedr-agent-5wfwt ns: nedr-agent"" has more than one process running [ERROR] [Apr 16 14:47:53.841] [suite.go: 799] [access-control-one-process-per-container] Container ""container: agent pod: nedr-agent-6jqqt ns: nedr-agent"" has more than one process running [ERROR] [Apr 16 14:47:54.506] [suite.go: 799] [access-control-one-process-per-container] Container ""container: agent pod: nedr-agent-hrcdd ns: nedr-agent"" has more than one process running [ERROR] [Apr 16 14:47:55.073] [suite.go: 799] [access-control-one-process-per-container] Container ""container: agent pod: nedr-agent-ll4bf ns: nedr-agent"" has more than one process running [ERROR] [Apr 16 14:47:55.693] [suite.go: 799] [access-control-one-process-per-container] Container ""container: agent pod: nedr-agent-pnrjk ns: nedr-agent"" has more than one process running"
access-control-pod-automount-service-account-token,access-control,Check that all pods under test have automountServiceAccountToken set to false. Only pods that require access to the kubernetes API server should have automountServiceAccountToken set to true,1,"Pod: Reason For Non Compliance=serviceaccount nedr-agent:nedr-agent-sa is not configured with automountServiceAccountToken set to false, impacting pod nedr-agent-4pnr4; Namespace=nedr-agent; Pod Name=nedr-agent-4pnr4 Pod: Reason For Non Compliance=serviceaccount nedr-agent:nedr-agent-sa is not configured with automountServiceAccountToken set to false, impacting pod nedr-agent-5wfwt; Namespace=nedr-agent; Pod Name=nedr-agent-5wfwt Pod: Reason For Non Compliance=serviceaccount nedr-agent:nedr-agent-sa is not configured with automountServiceAccountToken set to false, impacting pod nedr-agent-6jqqt; Namespace=nedr-agent; Pod Name=nedr-agent-6jqqt Pod: Reason For Non Compliance=serviceaccount nedr-agent:nedr-agent-sa is not configured with automountServiceAccountToken set to false, impacting pod nedr-agent-hrcdd; Namespace=nedr-agent; Pod Name=nedr-agent-hrcdd Pod: Reason For Non Compliance=serviceaccount nedr-agent:nedr-agent-sa is not configured with automountServiceAccountToken set to false, impacting pod nedr-agent-ll4bf; Namespace=nedr-agent; Pod Name=nedr-agent-ll4bf Pod: Reason For Non Compliance=serviceaccount nedr-agent:nedr-agent-sa is not configured with automountServiceAccountToken set to false, impacting pod nedr-agent-pnrjk; Namespace=nedr-agent; Pod Name=nedr-agent-pnrjk Log: [ERROR] [Apr 16 14:47:51.617] [suite.go: 755] [access-control-pod-automount-service-account-token] serviceaccount nedr-agent:nedr-agent-sa is not configured with automountServiceAccountToken set to false, impacting pod nedr-agent-4pnr4 [ERROR] [Apr 16 14:47:51.617] [suite.go: 755] [access-control-pod-automount-service-account-token] serviceaccount nedr-agent:nedr-agent-sa is not configured with automountServiceAccountToken set to false, impacting pod nedr-agent-5wfwt [ERROR] [Apr 16 14:47:51.617] [suite.go: 755] [access-control-pod-automount-service-account-token] serviceaccount nedr-agent:nedr-agent-sa is not configured with automountServiceAccountToken set to false, impacting pod nedr-agent-6jqqt [ERROR] [Apr 16 14:47:51.617] [suite.go: 755] [access-control-pod-automount-service-account-token] serviceaccount nedr-agent:nedr-agent-sa is not configured with automountServiceAccountToken set to false, impacting pod nedr-agent-hrcdd [ERROR] [Apr 16 14:47:51.617] [suite.go: 755] [access-control-pod-automount-service-account-token] serviceaccount nedr-agent:nedr-agent-sa is not configured with automountServiceAccountToken set to false, impacting pod nedr-agent-ll4bf [ERROR] [Apr 16 14:47:51.617] [suite.go: 755] [access-control-pod-automount-service-account-token] serviceaccount nedr-agent:nedr-agent-sa is not configured with automountServiceAccountToken set to false, impacting pod nedr-agent-pnrjk"
access-control-pod-host-ipc,access-control,Verifies that the spec.HostIpc parameter is set to false,1,"Pod: Reason For Non Compliance=HostIpc is set to true; Namespace=nedr-agent; Pod Name=nedr-agent-4pnr4 Pod: Reason For Non Compliance=HostIpc is set to true; Namespace=nedr-agent; Pod Name=nedr-agent-5wfwt Pod: Reason For Non Compliance=HostIpc is set to true; Namespace=nedr-agent; Pod Name=nedr-agent-6jqqt Pod: Reason For Non Compliance=HostIpc is set to true; Namespace=nedr-agent; Pod Name=nedr-agent-hrcdd Pod: Reason For Non Compliance=HostIpc is set to true; Namespace=nedr-agent; Pod Name=nedr-agent-ll4bf Pod: Reason For Non Compliance=HostIpc is set to true; Namespace=nedr-agent; Pod Name=nedr-agent-pnrjk Log: [ERROR] [Apr 16 14:47:51.590] [suite.go: 494] [access-control-pod-host-ipc] HostIpc is set in Pod ""pod: nedr-agent-4pnr4 ns: nedr-agent"". [ERROR] [Apr 16 14:47:51.590] [suite.go: 494] [access-control-pod-host-ipc] HostIpc is set in Pod ""pod: nedr-agent-5wfwt ns: nedr-agent"". [ERROR] [Apr 16 14:47:51.590] [suite.go: 494] [access-control-pod-host-ipc] HostIpc is set in Pod ""pod: nedr-agent-6jqqt ns: nedr-agent"". [ERROR] [Apr 16 14:47:51.590] [suite.go: 494] [access-control-pod-host-ipc] HostIpc is set in Pod ""pod: nedr-agent-hrcdd ns: nedr-agent"". [ERROR] [Apr 16 14:47:51.590] [suite.go: 494] [access-control-pod-host-ipc] HostIpc is set in Pod ""pod: nedr-agent-ll4bf ns: nedr-agent"". [ERROR] [Apr 16 14:47:51.591] [suite.go: 494] [access-control-pod-host-ipc] HostIpc is set in Pod ""pod: nedr-agent-pnrjk ns: nedr-agent""."
access-control-pod-host-network,access-control,Verifies that the spec.HostNetwork parameter is not set (not present),1,"Pod: Reason For Non Compliance=Host network is set to true; Namespace=nedr-agent; Pod Name=nedr-agent-4pnr4 Pod: Reason For Non Compliance=Host network is set to true; Namespace=nedr-agent; Pod Name=nedr-agent-5wfwt Pod: Reason For Non Compliance=Host network is set to true; Namespace=nedr-agent; Pod Name=nedr-agent-6jqqt Pod: Reason For Non Compliance=Host network is set to true; Namespace=nedr-agent; Pod Name=nedr-agent-hrcdd Pod: Reason For Non Compliance=Host network is set to true; Namespace=nedr-agent; Pod Name=nedr-agent-ll4bf Pod: Reason For Non Compliance=Host network is set to true; Namespace=nedr-agent; Pod Name=nedr-agent-pnrjk Log: [ERROR] [Apr 16 14:47:51.590] [suite.go: 450] [access-control-pod-host-network] Host network is set to true in Pod ""pod: nedr-agent-4pnr4 ns: nedr-agent"". [ERROR] [Apr 16 14:47:51.590] [suite.go: 450] [access-control-pod-host-network] Host network is set to true in Pod ""pod: nedr-agent-5wfwt ns: nedr-agent"". [ERROR] [Apr 16 14:47:51.590] [suite.go: 450] [access-control-pod-host-network] Host network is set to true in Pod ""pod: nedr-agent-6jqqt ns: nedr-agent"". [ERROR] [Apr 16 14:47:51.590] [suite.go: 450] [access-control-pod-host-network] Host network is set to true in Pod ""pod: nedr-agent-hrcdd ns: nedr-agent"". [ERROR] [Apr 16 14:47:51.590] [suite.go: 450] [access-control-pod-host-network] Host network is set to true in Pod ""pod: nedr-agent-ll4bf ns: nedr-agent"". [ERROR] [Apr 16 14:47:51.590] [suite.go: 450] [access-control-pod-host-network] Host network is set to true in Pod ""pod: nedr-agent-pnrjk ns: nedr-agent""."
access-control-pod-host-path,access-control,Verifies that the spec.HostPath parameter is not set (not present),1,"Host Path: Reason For Non Compliance=Hostpath path is set; Namespace=nedr-agent; Pod Name=nedr-agent-4pnr4; Path=/ Host Path: Reason For Non Compliance=Hostpath path is set; Namespace=nedr-agent; Pod Name=nedr-agent-4pnr4; Path=/etc/system-release Host Path: Reason For Non Compliance=Hostpath path is set; Namespace=nedr-agent; Pod Name=nedr-agent-4pnr4; Path=/etc/os-release Host Path: Reason For Non Compliance=Hostpath path is set; Namespace=nedr-agent; Pod Name=nedr-agent-4pnr4; Path=/var/lib/rpm Host Path: Reason For Non Compliance=Hostpath path is set; Namespace=nedr-agent; Pod Name=nedr-agent-5wfwt; Path=/ Host Path: Reason For Non Compliance=Hostpath path is set; Namespace=nedr-agent; Pod Name=nedr-agent-5wfwt; Path=/etc/system-release Host Path: Reason For Non Compliance=Hostpath path is set; Namespace=nedr-agent; Pod Name=nedr-agent-5wfwt; Path=/etc/os-release Host Path: Reason For Non Compliance=Hostpath path is set; Namespace=nedr-agent; Pod Name=nedr-agent-5wfwt; Path=/var/lib/rpm (… 16 more non-compliant objects) Log: [ERROR] [Apr 16 14:47:51.590] [suite.go: 471] [access-control-pod-host-path] Hostpath path: ""/"" is set in Pod ""pod: nedr-agent-4pnr4 ns: nedr-agent"". [ERROR] [Apr 16 14:47:51.590] [suite.go: 471] [access-control-pod-host-path] Hostpath path: ""/etc/system-release"" is set in Pod ""pod: nedr-agent-4pnr4 ns: nedr-agent"". [ERROR] [Apr 16 14:47:51.590] [suite.go: 471] [access-control-pod-host-path] Hostpath path: ""/etc/os-release"" is set in Pod ""pod: nedr-agent-4pnr4 ns: nedr-agent"". [ERROR] [Apr 16 14:47:51.590] [suite.go: 471] [access-control-pod-host-path] Hostpath path: ""/var/lib/rpm"" is set in Pod ""pod: nedr-agent-4pnr4 ns: nedr-agent"". [ERROR] [Apr 16 14:47:51.590] [suite.go: 471] [access-control-pod-host-path] Hostpath path: ""/"" is set in Pod ""pod: nedr-agent-5wfwt ns: nedr-agent"". [ERROR] [Apr 16 14:47:51.590] [suite.go: 471] [access-control-pod-host-path] Hostpath path: ""/etc/system-release"" is set in Pod ""pod: nedr-agent-5wfwt ns: nedr-agent""."
access-control-pod-host-pid,access-control,Verifies that the spec.HostPid parameter is set to false,1,"Pod: Reason For Non Compliance=HostPid is set to true; Namespace=nedr-agent; Pod Name=nedr-agent-4pnr4 Pod: Reason For Non Compliance=HostPid is set to true; Namespace=nedr-agent; Pod Name=nedr-agent-5wfwt Pod: Reason For Non Compliance=HostPid is set to true; Namespace=nedr-agent; Pod Name=nedr-agent-6jqqt Pod: Reason For Non Compliance=HostPid is set to true; Namespace=nedr-agent; Pod Name=nedr-agent-hrcdd Pod: Reason For Non Compliance=HostPid is set to true; Namespace=nedr-agent; Pod Name=nedr-agent-ll4bf Pod: Reason For Non Compliance=HostPid is set to true; Namespace=nedr-agent; Pod Name=nedr-agent-pnrjk Log: [ERROR] [Apr 16 14:47:51.591] [suite.go: 512] [access-control-pod-host-pid] HostPid is set in Pod ""pod: nedr-agent-4pnr4 ns: nedr-agent"". [ERROR] [Apr 16 14:47:51.591] [suite.go: 512] [access-control-pod-host-pid] HostPid is set in Pod ""pod: nedr-agent-5wfwt ns: nedr-agent"". [ERROR] [Apr 16 14:47:51.591] [suite.go: 512] [access-control-pod-host-pid] HostPid is set in Pod ""pod: nedr-agent-6jqqt ns: nedr-agent"". [ERROR] [Apr 16 14:47:51.591] [suite.go: 512] [access-control-pod-host-pid] HostPid is set in Pod ""pod: nedr-agent-hrcdd ns: nedr-agent"". [ERROR] [Apr 16 14:47:51.591] [suite.go: 512] [access-control-pod-host-pid] HostPid is set in Pod ""pod: nedr-agent-ll4bf ns: nedr-agent"". [ERROR] [Apr 16 14:47:51.591] [suite.go: 512] [access-control-pod-host-pid] HostPid is set in Pod ""pod: nedr-agent-pnrjk ns: nedr-agent""."
access-control-pod-role-bindings,access-control,Ensures that a workload does not utilize RoleBinding(s) in a non-workload Namespace.,2,
access-control-pod-service-account,access-control,Tests that each workload Pod utilizes a valid Service Account. Default or empty service account is not valid.,1,
access-control-requests,access-control,Check that containers have resource requests specified in their spec. Set proper resource requests based on container use case.,2,
access-control-security-context,access-control,Checks the security context matches one of the 4 categories,2,"ContainerCategory: Reason For Non Compliance=container category is NOT category 1 or category NoUID0; Namespace=nedr-agent; Pod Name=nedr-agent-4pnr4; Container Name=agent; Category=CategoryID4(anything not matching lower category) ContainerCategory: Reason For Non Compliance=container category is NOT category 1 or category NoUID0; Namespace=nedr-agent; Pod Name=nedr-agent-5wfwt; Container Name=agent; Category=CategoryID4(anything not matching lower category) ContainerCategory: Reason For Non Compliance=container category is NOT category 1 or category NoUID0; Namespace=nedr-agent; Pod Name=nedr-agent-6jqqt; Container Name=agent; Category=CategoryID4(anything not matching lower category) ContainerCategory: Reason For Non Compliance=container category is NOT category 1 or category NoUID0; Namespace=nedr-agent; Pod Name=nedr-agent-hrcdd; Container Name=agent; Category=CategoryID4(anything not matching lower category) ContainerCategory: Reason For Non Compliance=container category is NOT category 1 or category NoUID0; Namespace=nedr-agent; Pod Name=nedr-agent-ll4bf; Container Name=agent; Category=CategoryID4(anything not matching lower category) ContainerCategory: Reason For Non Compliance=container category is NOT category 1 or category NoUID0; Namespace=nedr-agent; Pod Name=nedr-agent-pnrjk; Container Name=agent; Category=CategoryID4(anything not matching lower category) Log: [ERROR] [Apr 16 14:47:51.583] [suite.go: 1012] [access-control-security-context] Category ""Containername: agent Podname: nedr-agent-4pnr4 NameSpace: nedr-agent Category: CategoryID4(anything not matching lower category) \n "" is NOT category 1 or category NoUID0 [ERROR] [Apr 16 14:47:51.584] [suite.go: 1012] [access-control-security-context] Category ""Containername: agent Podname: nedr-agent-5wfwt NameSpace: nedr-agent Category: CategoryID4(anything not matching lower category) \n "" is NOT category 1 or category NoUID0 [ERROR] [Apr 16 14:47:51.584] [suite.go: 1012] [access-control-security-context] Category ""Containername: agent Podname: nedr-agent-6jqqt NameSpace: nedr-agent Category: CategoryID4(anything not matching lower category) \n "" is NOT category 1 or category NoUID0 [ERROR] [Apr 16 14:47:51.585] [suite.go: 1012] [access-control-security-context] Category ""Containername: agent Podname: nedr-agent-hrcdd NameSpace: nedr-agent Category: CategoryID4(anything not matching lower category) \n "" is NOT category 1 or category NoUID0 [ERROR] [Apr 16 14:47:51.586] [suite.go: 1012] [access-control-security-context] Category ""Containername: agent Podname: nedr-agent-ll4bf NameSpace: nedr-agent Category: CategoryID4(anything not matching lower category) \n "" is NOT category 1 or category NoUID0 [ERROR] [Apr 16 14:47:51.587] [suite.go: 1012] [access-control-security-context] Category ""Containername: agent Podname: nedr-agent-pnrjk NameSpace: nedr-agent Category: CategoryID4(anything not matching lower category) \n "" is NOT category 1 or category NoUID0"
access-control-security-context-non-root-user-id-check,access-control,Checks securityContext's runAsNonRoot and runAsUser fields at pod and container level to make sure containers are not run as root.,0,"Pod: Reason For Non Compliance=One or more containers of the pod are running with root user; Namespace=nedr-agent; Pod Name=nedr-agent-4pnr4 Container: Reason For Non Compliance=RunAsNonRoot is set to nil at pod and container level, RunAsUser is set to nil at pod and container level; Namespace=nedr-agent; Pod Name=nedr-agent-4pnr4; Container Name=agent Pod: Reason For Non Compliance=One or more containers of the pod are running with root user; Namespace=nedr-agent; Pod Name=nedr-agent-5wfwt Container: Reason For Non Compliance=RunAsNonRoot is set to nil at pod and container level, RunAsUser is set to nil at pod and container level; Namespace=nedr-agent; Pod Name=nedr-agent-5wfwt; Container Name=agent Pod: Reason For Non Compliance=One or more containers of the pod are running with root user; Namespace=nedr-agent; Pod Name=nedr-agent-6jqqt Container: Reason For Non Compliance=RunAsNonRoot is set to nil at pod and container level, RunAsUser is set to nil at pod and container level; Namespace=nedr-agent; Pod Name=nedr-agent-6jqqt; Container Name=agent Pod: Reason For Non Compliance=One or more containers of the pod are running with root user; Namespace=nedr-agent; Pod Name=nedr-agent-hrcdd Container: Reason For Non Compliance=RunAsNonRoot is set to nil at pod and container level, RunAsUser is set to nil at pod and container level; Namespace=nedr-agent; Pod Name=nedr-agent-hrcdd; Container Name=agent (… 4 more non-compliant objects) Log: [ERROR] [Apr 16 14:47:51.589] [suite.go: 361] [access-control-security-context-non-root-user-id-check] Pod nedr-agent/nedr-agent-4pnr4, container ""agent"" is not compliant: RunAsNonRoot is set to nil at pod and container level, RunAsUser is set to nil at pod and container level [ERROR] [Apr 16 14:47:51.589] [suite.go: 361] [access-control-security-context-non-root-user-id-check] Pod nedr-agent/nedr-agent-5wfwt, container ""agent"" is not compliant: RunAsNonRoot is set to nil at pod and container level, RunAsUser is set to nil at pod and container level [ERROR] [Apr 16 14:47:51.589] [suite.go: 361] [access-control-security-context-non-root-user-id-check] Pod nedr-agent/nedr-agent-6jqqt, container ""agent"" is not compliant: RunAsNonRoot is set to nil at pod and container level, RunAsUser is set to nil at pod and container level [ERROR] [Apr 16 14:47:51.589] [suite.go: 361] [access-control-security-context-non-root-user-id-check] Pod nedr-agent/nedr-agent-hrcdd, container ""agent"" is not compliant: RunAsNonRoot is set to nil at pod and container level, RunAsUser is set to nil at pod and container level [ERROR] [Apr 16 14:47:51.589] [suite.go: 361] [access-control-security-context-non-root-user-id-check] Pod nedr-agent/nedr-agent-ll4bf, container ""agent"" is not compliant: RunAsNonRoot is set to nil at pod and container level, RunAsUser is set to nil at pod and container level [ERROR] [Apr 16 14:47:51.589] [suite.go: 361] [access-control-security-context-non-root-user-id-check] Pod nedr-agent/nedr-agent-pnrjk, container ""agent"" is not compliant: RunAsNonRoot is set to nil at pod and container level, RunAsUser is set to nil at pod and container level"
access-control-security-context-privilege-escalation,access-control,Checks if privileged escalation is enabled (AllowPrivilegeEscalation=true).,1,
access-control-security-context-read-only-file-system,access-control,Checks the security context readOnlyFileSystem in containers is enabled. Containers should not try modify its own filesystem.,1,
access-control-service-type,access-control,Tests that each workload Service does not utilize NodePort(s).,1,
access-control-ssh-daemons,access-control,Check that pods do not run SSH daemons.,1,"Pod: Reason For Non Compliance=Pod is running an SSH daemon; Namespace=nedr-agent; Pod Name=nedr-agent-4pnr4 Pod: Reason For Non Compliance=Pod is running an SSH daemon; Namespace=nedr-agent; Pod Name=nedr-agent-5wfwt Pod: Reason For Non Compliance=Pod is running an SSH daemon; Namespace=nedr-agent; Pod Name=nedr-agent-6jqqt Pod: Reason For Non Compliance=Pod is running an SSH daemon; Namespace=nedr-agent; Pod Name=nedr-agent-hrcdd Pod: Reason For Non Compliance=Pod is running an SSH daemon; Namespace=nedr-agent; Pod Name=nedr-agent-ll4bf Pod: Reason For Non Compliance=Pod is running an SSH daemon; Namespace=nedr-agent; Pod Name=nedr-agent-pnrjk Log: [ERROR] [Apr 16 14:47:57.206] [suite.go: 947] [access-control-ssh-daemons] Pod ""pod: nedr-agent-4pnr4 ns: nedr-agent"" is running an SSH daemon [ERROR] [Apr 16 14:47:58.685] [suite.go: 947] [access-control-ssh-daemons] Pod ""pod: nedr-agent-5wfwt ns: nedr-agent"" is running an SSH daemon [ERROR] [Apr 16 14:48:00.342] [suite.go: 947] [access-control-ssh-daemons] Pod ""pod: nedr-agent-6jqqt ns: nedr-agent"" is running an SSH daemon [ERROR] [Apr 16 14:48:02.057] [suite.go: 947] [access-control-ssh-daemons] Pod ""pod: nedr-agent-hrcdd ns: nedr-agent"" is running an SSH daemon [ERROR] [Apr 16 14:48:03.473] [suite.go: 947] [access-control-ssh-daemons] Pod ""pod: nedr-agent-ll4bf ns: nedr-agent"" is running an SSH daemon [ERROR] [Apr 16 14:48:04.735] [suite.go: 947] [access-control-ssh-daemons] Pod ""pod: nedr-agent-pnrjk ns: nedr-agent"" is running an SSH daemon"
access-control-sys-admin-capability-check,access-control,Ensures that containers do not use SYS_ADMIN capability,1,
access-control-sys-nice-realtime-capability,access-control,"Check that pods running on nodes with realtime kernel enabled have the SYS_NICE capability enabled in their spec. In the case that a workolad is running on a node using the real-time kernel, SYS_NICE will be used to allow DPDK application to switch to SCHED_FIFO.",1,
access-control-sys-ptrace-capability,access-control,"Check that if process namespace sharing is enabled for a Pod then the SYS_PTRACE capability is allowed. This capability is required when using Process Namespace Sharing. This is used when processes from one Container need to be exposed to another Container. For example, to send signals like SIGHUP from a process in a Container to another process in another Container. For more information on these capabilities refer to https://cloud.redhat.com/blog/linux-capabilities-in-openshift and https://kubernetes.io/docs/tasks/configure-pod-container/share-process-namespace/",1,
affiliated-certification-container-is-certified-digest,affiliated-certification,Tests whether container images that are autodiscovered have passed the Red Hat Container Certification Program by their digest(CCP).,4,
affiliated-certification-helm-version,affiliated-certification,Test to check if the helm chart is v3,3,
affiliated-certification-helmchart-is-certified,affiliated-certification,Tests whether helm charts listed in the cluster passed the Red Hat Helm Certification Program.,4,
affiliated-certification-operator-is-certified,affiliated-certification,Tests whether the workload Operators listed in the configuration file have passed the Red Hat Operator Certification Program (OCP).,4,
lifecycle-affinity-required-pods,lifecycle,Checks that affinity rules are in place if AffinityRequired: 'true' labels are set on Pods.,3,
lifecycle-container-poststart,lifecycle,"Ensure that the containers lifecycle postStart management feature is configured. A container must receive important events from the platform and conform/react to these events properly. For example, a container should catch SIGTERM or SIGKILL from the platform and shutdown as quickly as possible. Other typically important events from the platform are PostStart to initialize before servicing requests and PreStop to release resources cleanly before shutting down.",2,
lifecycle-container-prestop,lifecycle,"Ensure that the containers lifecycle preStop management feature is configured. The most basic requirement for the lifecycle management of Pods in OpenShift are the ability to start and stop correctly. There are different ways a pod can stop on an OpenShift cluster. One way is that the pod can remain alive but non-functional. Another way is that the pod can crash and become non-functional. When pods are shut down by the platform they are sent a SIGTERM signal which means that the process in the container should start shutting down, closing connections and stopping all activity. If the pod doesn’t shut down within the default 30 seconds then the platform may send a SIGKILL signal which will stop the pod immediately. This method isn’t as clean and the default time between the SIGTERM and SIGKILL messages can be modified based on the requirements of the application. Containers should respond to SIGTERM/SIGKILL with graceful shutdown.",2,"Container: Reason For Non Compliance=Container does not have preStop defined; Namespace=nedr-agent; Pod Name=nedr-agent-4pnr4; Container Name=agent Container: Reason For Non Compliance=Container does not have preStop defined; Namespace=nedr-agent; Pod Name=nedr-agent-5wfwt; Container Name=agent Container: Reason For Non Compliance=Container does not have preStop defined; Namespace=nedr-agent; Pod Name=nedr-agent-6jqqt; Container Name=agent Container: Reason For Non Compliance=Container does not have preStop defined; Namespace=nedr-agent; Pod Name=nedr-agent-hrcdd; Container Name=agent Container: Reason For Non Compliance=Container does not have preStop defined; Namespace=nedr-agent; Pod Name=nedr-agent-ll4bf; Container Name=agent Container: Reason For Non Compliance=Container does not have preStop defined; Namespace=nedr-agent; Pod Name=nedr-agent-pnrjk; Container Name=agent Log: [ERROR] [Apr 16 14:47:44.814] [suite.go: 257] [lifecycle-container-prestop] Container ""container: agent pod: nedr-agent-4pnr4 ns: nedr-agent"" does not have preStop defined [ERROR] [Apr 16 14:47:44.814] [suite.go: 257] [lifecycle-container-prestop] Container ""container: agent pod: nedr-agent-5wfwt ns: nedr-agent"" does not have preStop defined [ERROR] [Apr 16 14:47:44.814] [suite.go: 257] [lifecycle-container-prestop] Container ""container: agent pod: nedr-agent-6jqqt ns: nedr-agent"" does not have preStop defined [ERROR] [Apr 16 14:47:44.814] [suite.go: 257] [lifecycle-container-prestop] Container ""container: agent pod: nedr-agent-hrcdd ns: nedr-agent"" does not have preStop defined [ERROR] [Apr 16 14:47:44.814] [suite.go: 257] [lifecycle-container-prestop] Container ""container: agent pod: nedr-agent-ll4bf ns: nedr-agent"" does not have preStop defined [ERROR] [Apr 16 14:47:44.814] [suite.go: 257] [lifecycle-container-prestop] Container ""container: agent pod: nedr-agent-pnrjk ns: nedr-agent"" does not have preStop defined"
lifecycle-cpu-isolation,lifecycle,"CPU isolation requires: For each container within the pod, resource requests and limits must be identical. If cpu requests and limits are not identical and in whole units (Guaranteed pods with exclusive cpus), your pods will not be tested for compliance. The runTimeClassName must be specified. Annotations required disabling CPU and IRQ load-balancing.",2,
lifecycle-crd-scaling,lifecycle,"Tests that a workload's CRD support scale in/out operations. First, the test starts getting the current replicaCount (N) of the crd/s with the Pod Under Test. Then, it executes the scale-in oc command for (N-1) replicas. Lastly, it executes the scale-out oc command, restoring the original replicaCount of the crd/s. In case of crd that are managed by HPA the test is changing the min and max value to crd Replica - 1 during scale-in and the original replicaCount again for both min/max during the scale-out stage. Lastly its restoring the original min/max replica of the crd/s",2,
lifecycle-deployment-scaling,lifecycle,"Tests that workload deployments support scale in/out operations. First, the test starts getting the current replicaCount (N) of the deployment/s with the Pod Under Test. Then, it executes the scale-in oc command for (N-1) replicas. Lastly, it executes the scale-out oc command, restoring the original replicaCount of the deployment/s. In case of deployments that are managed by HPA the test is changing the min and max value to deployment Replica - 1 during scale-in and the original replicaCount again for both min/max during the scale-out stage. Lastly its restoring the original min/max replica of the deployment/s",2,
lifecycle-image-pull-policy,lifecycle,"Ensure that the containers under test are using IfNotPresent as Image Pull Policy. If there is a situation where the container dies and needs to be restarted, the image pull policy becomes important. PullIfNotPresent is recommended so that a loss of image registry access does not prevent the pod from restarting.",1,
lifecycle-liveness-probe,lifecycle,"Check that all containers under test have liveness probe defined. The most basic requirement for the lifecycle management of Pods in OpenShift are the ability to start and stop correctly. When starting up, health probes like liveness and readiness checks can be put into place to ensure the application is functioning properly.",2,
lifecycle-persistent-volume-reclaim-policy,lifecycle,Check that the persistent volumes the workloads pods are using have a reclaim policy of delete. Network Functions should clear persistent storage by deleting their PVs when removing their application from a cluster.,1,
lifecycle-pod-high-availability,lifecycle,Ensures that workloads Pods specify podAntiAffinity rules and replica value is set to more than 1.,2,
lifecycle-pod-owner-type,lifecycle,Tests that the workload Pods are deployed as part of a ReplicaSet(s)/StatefulSet(s).,2,"Pod: Reason For Non Compliance=Pod has non-compliant owner reference; Namespace=nedr-agent; Pod Name=nedr-agent-4pnr4 Pod: Reason For Non Compliance=Pod has non-compliant owner reference; Namespace=nedr-agent; Pod Name=nedr-agent-5wfwt Pod: Reason For Non Compliance=Pod has non-compliant owner reference; Namespace=nedr-agent; Pod Name=nedr-agent-6jqqt Pod: Reason For Non Compliance=Pod has non-compliant owner reference; Namespace=nedr-agent; Pod Name=nedr-agent-hrcdd Pod: Reason For Non Compliance=Pod has non-compliant owner reference; Namespace=nedr-agent; Pod Name=nedr-agent-ll4bf Pod: Reason For Non Compliance=Pod has non-compliant owner reference; Namespace=nedr-agent; Pod Name=nedr-agent-pnrjk Log: [ERROR] [Apr 16 14:47:44.815] [ownerreference.go: 53] [lifecycle-pod-owner-type] Pod ""&Pod{ObjectMeta:{nedr-agent-4pnr4 nedr-agent- nedr-agent  3f0d017c-950a-4edc-a070-5fe887682710 21900998 0 2026-04-09 13:34:33 +0000 UTC <nil> <nil> map[app.kubernetes.io/instance:nedr-agent app.kubernetes.io/managed-by:Helm app.kubernetes.io/name:agent app.kubernetes.io/version:26.3.0-3921 controller-revision-hash:6879fb78f5 helm.sh/chart:agent-26.3.0-3921 nokia:underTest pod-template-generation:1] map[openshift.io/scc:nedr-agent-scc] [{apps/v1 DaemonSet nedr-agent 2934b2e6-85a7-4618-8ed6-7e42df94f018 0x97a222927f0 0x97a222927f1}] [] [{kube-controller-manager Update v1 2026-04-09 13:34:33 +0000 UTC FieldsV1 {\""f:metadata\"":{\""f:generateName\"":{},\""f:labels\"":{\"".\"":{},\""f:app.kubernetes.io/instance\"":{},\""f:app.kubernetes.io/managed-by\"":{},\""f:app.kubernetes.io/name\"":{},\""f:app.kubernetes.io/version\"":{},\""f:controller-revision-hash\"":{},\""f:helm.sh/chart\"":{},\""f:pod-template-generation\"":{}},\""f:ownerReferences\"":{\"".\"":{},\""k:{\\\""uid\\\"":\\\""2934b2e6-85a7-4618-8ed6-7e42df94f018\\\""}\"":{}}},\""f:spec\"":{\""f:affinity\"":{\"".\"":{},\""f:nodeAffinity\"":{\"".\"":{},\""f:requiredDuringSchedulingIgnoredDuringExecution\"":{}}},\""f:containers\"":{\""k:{\\\""name\\\"":\\\""agent\\\""}\"":{\"".\"":{},\""f:env\"":{\"".\"":{},\""k:{\\\""name\\\"":\\\""NEDR_AGENT_GROUPS\\\""}\"":{\"".\"":{},\""f:name\"":{},\""f:value\"":{}},\""k:{\\\""name\\\"":\\\""NEDR_AGENT_NAME\\\""}\"":{\"".\"":{},\""f:name\"":{},\""f:value\"":{}},\""k:{\\\""name\\\"":\\\""NEDR_CLIENT_KEYS_STORE_IN_SECRET\\\""}\"":{\"".\"":{},\""f:name\"":{},\""f:value\"":{}},\""k:{\\\""name\\\"":\\\""NEDR_MANAGER_IP\\\""}\"":{\"".\"":{},\""f:name\"":{},\""f:value\"":{}},\""k:{\\\""name\\\"":\\\""NODE_NAME\\\""}\"":{\"".\"":{},\""f:name\"":{},\""f:valueFrom\"":{\"".\"":{},\""f:fieldRef\"":{}}}},\""f:image\"":{},\""f:imagePullPolicy\"":{},\""f:lifecycle\"":{\"".\"":{},\""f:postStart\"":{\"".\"":{},\""f:exec\"":{\"".\"":{},\""f:command\"":{}}}},\""f:livenessProbe\"":{\"".\"":{},\""f:exec\"":{\"".\"":{},\""f:command\"":{}},\""f:failureThreshold\"":{},\""f:initialDelaySeconds\"":{},\""f:periodSeconds\"":{},\""f:successThreshold\"":{},\""f:timeoutSeconds\"":{}},\""f:name\"":{},\""f:resources\"":{\"".\"":{},\""f:limits\"":{\"".\"":{},\""f:cpu\"":{},\""f:memory\"":{}},\""f:requests\"":{\"".\"":{},\""f:cpu\"":{},\""f:memory\"":{}}},\""f:securityContext\"":{\"".\"":{},\""f:readOnlyRootFilesystem\"":{},\""f:seLinuxOptions\"":{\"".\"":{},\""f:type\"":{}}},\""f:terminationMessagePath\"":{},\""f:terminationMessagePolicy\"":{},\""f:volumeMounts\"":{\"".\"":{},\""k:{\\\""mountPath\\\"":\\\""/etc/logrotate.d\\\""}\"":{\"".\"":{},\""f:mountPath\"":{},\""f:name\"":{},\""f:subPath\"":{}},\""k:{\\\""mountPath\\\"":\\\""/etc/os-release\\\""}\"":{\"".\"":{},\""f:mountPath\"":{},\""f:name\"":{},\""f:readOnly\"":{}},\""k:{\\\""mountPath\\\"":\\\""/etc/rocky-release\\\""}\"":{\"".\"":{},\""f:mountPath\"":{},\""f:name\"":{},\""f:readOnly\"":{}},\""k:{\\\""mountPath\\\"":\\\""/host\\\""}\"":{\"".\"":{},\""f:mountPath\"":{},\""f:name\"":{},\""f:readOnly\"":{}},\""k:{\\\""mountPath\\\"":\\\""/opt/nedr/run\\\""}\"":{\"".\"":{},\""f:mountPath\"":{},\""f:name\"":{},\""f:subPath\"":{}},\""k:{\\\""mountPath\\\"":\\\""/var/lib/logrotate\\\""}\"":{\"".\"":{},\""f:mountPath\"":{},\""f:name\"":{},\""f:subPath\"":{}},\""k:{\\\""mountPath\\\"":\\\""/var/lib/rpm\\\""}\"":{\"".\"":{},\""f:mountPath\"":{},\""f:name\"":{},\""f:readOnly\"":{}},\""k:{\\\""mountPath\\\"":\\\""/var/log\\\""}\"":{\"".\"":{},\""f:mountPath\"":{},\""f:name\"":{},\""f:subPath\"":{}},\""k:{\\\""mountPath\\\"":\\\""/var/ossec/etc/\\\""}\"":{\"".\"":{},\""f:mountPath\"":{},\""f:name\"":{},\""f:subPath\"":{}},\""k:{\\\""mountPath\\\"":\\\""/var/ossec/etc/agent-key.pem\\\""}\"":{\"".\"":{},\""f:mountPath\"":{},\""f:name\"":{},\""f:readOnly\"":{},\""f:subPath\"":{}},\""k:{\\\""mountPath\\\"":\\\""/var/ossec/etc/agent.pem\\\""}\"":{\"".\"":{},\""f:mountPath\"":{},\""f:name\"":{},\""f:readOnly\"":{},\""f:subPath\"":{}},\""k:{\\\""mountPath\\\"":\\\""/var/ossec/etc/local_internal_options.conf\\\""}\"":{\"".\"":{},\""f:mountPath\"":{},\""f:name\"":{},\""f:subPath\"":{}},\""k:{\\\""mountPath\\\"":\\\""/var/ossec/etc/root-ca.pem\\\""}\"":{\"".\"":{},\""f:mountPath\"":{},\""f:name\"":{},\""f:readOnly\"":{},\""f:subPath\"":{}},\""k:{\\\""mountPath\\\"":\\\""/var/ossec/logs\\\""}\"":{\"".\"":{},\""f:mountPath\"":{},\""f:name\"":{},\""f:subPath\"":{}},\""k:{\\\""mountPath\\\"":\\\""/var/ossec/queue\\\""}\"":{\"".\"":{},\""f:mountPath\"":{},\""f:name\"":{},\""f:subPath\"":{}},\""k:{\\\""mountPath\\\"":\\\""/var/ossec/tmp\\\""}\"":{\"".\"":{},\""f:mountPath\"":{},\""f:name\"":{},\""f:subPath\"":{}},\""k:{\\\""mountPath\\\"":\\\""/var/ossec/var\\\""}\"":{\"".\"":{},\""f:mountPath\"":{},\""f:name\"":{},\""f:subPath\"":{}}}}},\""f:dnsPolicy\"":{},\""f:enableServiceLinks\"":{},\""f:hostIPC\"":{},\""f:hostNetwork\"":{},\""f:hostPID\"":{},\""f:initContainers\"":{\"".\"":{},\""k:{\\\""name\\\"":\\\""copy-startup-files\\\""}\"":{\"".\"":{},\""f:command\"":{},\""f:image\"":{},\""f:imagePullPolicy\"":{},\""f:name\"":{},\""f:resources\"":{\"".\"":{},\""f:limits\"":{\"".\"":{},\""f:cpu\"":{},\""f:memory\"":{}},\""f:requests\"":{\"".\"":{},\""f:cpu\"":{},\""f:memory\"":{}}},\""f:securityContext\"":{\"".\"":{},\""f:allowPrivilegeEscalation\"":{},\""f:capabilities\"":{\"".\"":{},\""f:add\"":{},\""f:drop\"":{}},\""f:readOnlyRootFilesystem\"":{}},\""f:terminationMessagePath\"":{},\""f:terminationMessagePolicy\"":{},\""f:volumeMounts\"":{\"".\"":{},\""k:{\\\""mountPath\\\"":\\\""/ossec-writable-dir\\\""}\"":{\"".\"":{},\""f:mountPath\"":{},\""f:name\"":{}}}}},\""f:restartPolicy\"":{},\""f:schedulerName\"":{},\""f:securityContext\"":{},\""f:serviceAccount\"":{},\""f:serviceAccountName\"":{},\""f:terminationGracePeriodSeconds\"":{},\""f:tolerations\"":{},\""f:volumes\"":{\"".\"":{},\""k:{\\\""name\\\"":\\\""agent-certs\\\""}\"":{\"".\"":{},\""f:name\"":{},\""f:secret\"":{\"".\"":{},\""f:defaultMode\"":{},\""f:secretName\"":{}}},\""k:{\\\""name\\\"":\\\""host-os-release\\\""}\"":{\"".\"":{},\""f:hostPath\"":{\"".\"":{},\""f:path\"":{},\""f:type\"":{}},\""f:name\"":{}},\""k:{\\\""name\\\"":\\\""host-release\\\""}\"":{\"".\"":{},\""f:hostPath\"":{\"".\"":{},\""f:path\"":{},\""f:type\"":{}},\""f:name\"":{}},\""k:{\\\""name\\\"":\\\""host-root\\\""}\"":{\"".\"":{},\""f:hostPath\"":{\"".\"":{},\""f:path\"":{},\""f:type\"":{}},\""f:name\"":{}},\""k:{\\\""name\\\"":\\\""host-rpm\\\""}\"":{\"".\"":{},\""f:hostPath\"":{\"".\"":{},\""f:path\"":{},\""f:type\"":{}},\""f:name\"":{}},\""k:{\\\""name\\\"":\\\""local-internal-options\\\""}\"":{\"".\"":{},\""f:configMap\"":{\"".\"":{},\""f:defaultMode\"":{},\""f:name\"":{}},\""f:name\"":{}},\""k:{\\\""name\\\"":\\\""nedr-runtime-volume\\\""}\"":{\"".\"":{},\""f:emptyDir\"":{\"".\"":{},\""f:sizeLimit\"":{}},\""f:name\"":{}}}}} } {kubelet Update v1 2026-04-09 13:34:41 +0000 UTC FieldsV1 {\""f:status\"":{\""f:conditions\"":{\""k:{\\\""type\\\"":\\\""ContainersReady\\\""}\"":{\"".\"":{},\""f:lastProbeTime\"":{},\""f:lastTransitionTime\"":{},\""f:status\"":{},\""f:type\"":{}},\""k:{\\\""type\\\"":\\\""Initialized\\\""}\"":{\"".\"":{},\""f:lastProbeTime\"":{},\""f:lastTransitionTime\"":{},\""f:status\"":{},\""f:type\"":{}},\""k:{\\\""type\\\"":\\\""PodReadyToStartContainers\\\""}\"":{\"".\"":{},\""f:lastProbeTime\"":{},\""f:lastTransitionTime\"":{},\""f:status\"":{},\""f:type\"":{}},\""k:{\\\""type\\\"":\\\""Ready\\\""}\"":{\"".\"":{},\""f:lastProbeTime\"":{},\""f:lastTransitionTime\"":{},\""f:status\"":{},\""f:type\"":{}}},\""f:containerStatuses\"":{},\""f:hostIP\"":{},\""f:hostIPs\"":{},\""f:initContainerStatuses\"":{},\""f:phase\"":{},\""f:podIP\"":{},\""f:podIPs\"":{\"".\"":{},\""k:{\\\""ip\\\"":\\\""10.32.187.229\\\""}\"":{\"".\"":{},\""f:ip\"":{}},\""k:{\\\""ip\\\"":\\\""2a00:8a00:4000:20c::87:be8\\\""}\"":{\"".\"":{},\""f:ip\"":{}}},\""f:startTime\"":{}}} status} {Mozilla Update v1 2026-04-15 20:44:52 +0000 UTC FieldsV1 {\""f:metadata\"":{\""f:labels\"":{\""f:nokia\"":{}}}} }]},Spec:PodSpec{Volumes:[]Volume{Volume{Name:nedr-runtime-volume,VolumeSource:VolumeSource{HostPath:nil,EmptyDir:&EmptyDirVolumeSource{Medium:,SizeLimit:1Gi,},GCEPersistentDisk:nil,AWSElasticBlockStore:nil,GitRepo:nil,Secret:nil,NFS:nil,ISCSI:nil,Glusterfs:nil,PersistentVolumeClaim:nil,RBD:nil,FlexVolume:nil,Cinder:nil,CephFS:nil,Flocker:nil,DownwardAPI:nil,FC:nil,AzureFile:nil,ConfigMap:nil,VsphereVolume:nil,Quobyte:nil,AzureDisk:nil,PhotonPersistentDisk:nil,PortworxVolume:nil,ScaleIO:nil,Projected:nil,StorageOS:nil,CSI:nil,Ephemeral:nil,Image:nil,},},Volume{Name:local-internal-options,VolumeSource:VolumeSource{HostPath:nil,EmptyDir:nil,GCEPersistentDisk:nil,AWSElasticBlockStore:nil,GitRepo:nil,Secret:nil,NFS:nil,ISCSI:nil,Glusterfs:nil,PersistentVolumeClaim:nil,RBD:nil,FlexVolume:nil,Cinder:nil,CephFS:nil,Flocker:nil,DownwardAPI:nil,FC:nil,AzureFile:nil,ConfigMap:&ConfigMapVolumeSource{LocalObjectReference:LocalObjectReference{Name:nedr-agent-options,},Items:[]KeyToPath{},DefaultMode:*420,Optional:nil,},VsphereVolume:nil,Quobyte:nil,AzureDisk:nil,PhotonPersistentDisk:nil,PortworxVolume:nil,ScaleIO:nil,Projected:nil,StorageOS:nil,CSI:nil,Ephemeral:nil,Image:nil,},},Volume{Name:agent-certs,VolumeSource:VolumeSource{HostPath:nil,EmptyDir:nil,GCEPersistentDisk:nil,AWSElasticBlockStore:nil,GitRepo:nil,Secret:&SecretVolumeSource{SecretName:nedr-agent-cluster-tls,Items:[]KeyToPath{},DefaultMode:*420,Optional:nil,},NFS:nil,ISCSI:nil,Glusterfs:nil,PersistentVolumeClaim:nil,RBD:nil,FlexVolume:nil,Cinder:nil,CephFS:nil,Flocker:nil,DownwardAPI:nil,FC:nil,AzureFile:nil,ConfigMap:nil,VsphereVolume:nil,Quobyte:nil,AzureDisk:nil,PhotonPersistentDisk:nil,PortworxVolume:nil,ScaleIO:nil,Projected:nil,StorageOS:nil,CSI:nil,Ephemeral:nil,Image:nil,},},Volume{Name:host-root,VolumeSource:VolumeSource{HostPath:&HostPathVolumeSource{Path:/,Type:*Directory,},EmptyDir:nil,GCEPersistentDisk:nil,AWSElasticBlockStore:nil,GitRepo:nil,Secret:nil,NFS:nil,ISCSI:nil,Glusterfs:nil,PersistentVolumeClaim:nil,RBD:nil,FlexVolume:nil,Cinder:nil,CephFS:nil,Flocker:nil,DownwardAPI:nil,FC:nil,AzureFile:nil,ConfigMap:nil,VsphereVolume:nil,Quobyte:nil,AzureDisk:nil,PhotonPersistentDisk:nil,PortworxVolume:nil,ScaleIO:nil,Projected:nil,StorageOS:nil,CSI:nil,Ephemeral:nil,Image:nil,},},Volume{Name:host-release,VolumeSource:VolumeSource{HostPath:&HostPathVolumeSource{Path:/etc/system-release,Type:*FileOrCreate,},EmptyDir:nil,GCEPersistentDisk:nil,AWSElasticBlockStore:nil,GitRepo:nil,Secret:nil,NFS:nil,ISCSI:nil,Glusterfs:nil,PersistentVolumeClaim:nil,RBD:nil,FlexVolume:nil,Cinder:nil,CephFS:nil,Flocker:nil,DownwardAPI:nil,FC:nil,AzureFile:nil,ConfigMap:nil,VsphereVolume:nil,Quobyte:nil,AzureDisk:nil,PhotonPersistentDisk:nil,PortworxVolume:nil,ScaleIO:nil,Projected:nil,StorageOS:nil,CSI:nil,Ephemeral:nil,Image:nil,},},Volume{Name:host-os-release,VolumeSource:VolumeSource{HostPath:&HostPathVolumeSource{Path:/etc/os-release,Type:*FileOrCreate,},EmptyDir:nil,GCEPersistentDisk:nil,AWSElasticBlockStore:nil,GitRepo:nil,Secret:nil,NFS:nil,ISCSI:nil,Glusterfs:nil,PersistentVolumeClaim:nil,RBD:nil,FlexVolume:nil,Cinder:nil,CephFS:nil,Flocker:nil,DownwardAPI:nil,FC:nil,AzureFile:nil,ConfigMap:nil,VsphereVolume:nil,Quobyte:nil,AzureDisk:nil,PhotonPersistentDisk:nil,PortworxVolume:nil,ScaleIO:nil,Projected:nil,StorageOS:nil,CSI:nil,Ephemeral:nil,Image:nil,},},Volume{Name:host-rpm,VolumeSource:VolumeSource{HostPath:&HostPathVolumeSource{Path:/var/lib/rpm,Type:*Directory,},EmptyDir:nil,GCEPersistentDisk:nil,AWSElasticBlockStore:nil,GitRepo:nil,Secret:nil,NFS:nil,ISCSI:nil,Glusterfs:nil,PersistentVolumeClaim:nil,RBD:nil,FlexVolume:nil,Cinder:nil,CephFS:nil,Flocker:nil,DownwardAPI:nil,FC:nil,AzureFile:nil,ConfigMap:nil,VsphereVolume:nil,Quobyte:nil,AzureDisk:nil,PhotonPersistentDisk:nil,PortworxVolume:nil,ScaleIO:nil,Projected:nil,StorageOS:nil,CSI:nil,Ephemeral:nil,Image:nil,},},Volume{Name:kube-api-access-pd4d6,VolumeSource:VolumeSource{HostPath:nil,EmptyDir:nil,GCEPersistentDisk:nil,AWSElasticBlockStore:nil,GitRepo:nil,Secret:nil,NFS:nil,ISCSI:nil,Glusterfs:nil,PersistentVolumeClaim:nil,RBD:nil,FlexVolume:nil,Cinder:nil,CephFS:nil,Flocker:nil,DownwardAPI:nil,FC:nil,AzureFile:nil,ConfigMap:nil,VsphereVolume:nil,Quobyte:nil,AzureDisk:nil,PhotonPersistentDisk:nil,PortworxVolume:nil,ScaleIO:nil,Projected:&ProjectedVolumeSource{Sources:[]VolumeProjection{VolumeProjection{Secret:nil,DownwardAPI:nil,ConfigMap:nil,ServiceAccountToken:&ServiceAccountTokenProjection{Audience:,ExpirationSeconds:*3607,Path:token,},ClusterTrustBundle:nil,PodCertificate:nil,},VolumeProjection{Secret:nil,DownwardAPI:nil,ConfigMap:&ConfigMapProjection{LocalObjectReference:LocalObjectReference{Name:kube-root-ca.crt,},Items:[]KeyToPath{KeyToPath{Key:ca.crt,Path:ca.crt,Mode:nil,},},Optional:nil,},ServiceAccountToken:nil,ClusterTrustBundle:nil,PodCertificate:nil,},VolumeProjection{Secret:nil,DownwardAPI:&DownwardAPIProjection{Items:[]DownwardAPIVolumeFile{DownwardAPIVolumeFile{Path:namespace,FieldRef:&ObjectFieldSelector{APIVersion:v1,FieldPath:metadata.namespace,},ResourceFieldRef:nil,Mode:nil,},},},ConfigMap:nil,ServiceAccountToken:nil,ClusterTrustBundle:nil,PodCertificate:nil,},VolumeProjection{Secret:nil,DownwardAPI:nil,ConfigMap:&ConfigMapProjection{LocalObjectReference:LocalObjectReference{Name:openshift-service-ca.crt,},Items:[]KeyToPath{KeyToPath{Key:service-ca.crt,Path:service-ca.crt,Mode:nil,},},Optional:nil,},ServiceAccountToken:nil,ClusterTrustBundle:nil,PodCertificate:nil,},},DefaultMode:*420,},StorageOS:nil,CSI:nil,Ephemeral:nil,Image:nil,},},},Containers:[]Container{Container{Name:agent,Image:nedr-docker-candidates.repo-cache-fi.cci.nokia.net/nedr/nedr-agent:26.3.0-3921,Command:[],Args:[],WorkingDir:,Ports:[]ContainerPort{},Env:[]EnvVar{EnvVar{Name:NODE_NAME,Value:,ValueFrom:&EnvVarSource{FieldRef:&ObjectFieldSelector{APIVersion:v1,FieldPath:spec.nodeName,},ResourceFieldRef:nil,ConfigMapKeyRef:nil,SecretKeyRef:nil,FileKeyRef:nil,},},EnvVar{Name:NEDR_AGENT_NAME,Value:nedr-$(NODE_NAME),ValueFrom:nil,},EnvVar{Name:NEDR_AGENT_GROUPS,Value:default,containerized_agent,ValueFrom:nil,},EnvVar{Name:NEDR_MANAGER_IP,Value:vip1-int.nedr0006.dyn.nesc.nokia.net,ValueFrom:nil,},EnvVar{Name:NEDR_CLIENT_KEYS_STORE_IN_SECRET,Value:true,ValueFrom:nil,},},Resources:ResourceRequirements{Limits:ResourceList{cpu: {{500 -3} {<nil>} 500m DecimalSI},memory: {{268435456 0} {<nil>}  BinarySI},},Requests:ResourceList{cpu: {{500 -3} {<nil>} 500m DecimalSI},memory: {{268435456 0} {<nil>}  BinarySI},},Claims:[]ResourceClaim{},},VolumeMounts:[]VolumeMount{VolumeMount{Name:nedr-runtime-volume,ReadOnly:false,MountPath:/var/lib/logrotate,SubPath:logrotate,MountPropagation:nil,SubPathExpr:,RecursiveReadOnly:nil,},VolumeMount{Name:nedr-runtime-volume,ReadOnly:false,MountPath:/var/ossec/queue,SubPath:queue,MountPropagation:nil,SubPathExpr:,RecursiveReadOnly:nil,},VolumeMount{Name:nedr-runtime-volume,ReadOnly:false,MountPath:/var/ossec/…"
lifecycle-pod-recreation,lifecycle,"Tests that a workload is configured to support High Availability. First, this test cordons and drains a Node that hosts the workload Pod. Next, the test ensures that OpenShift can re-instantiate the Pod on another Node, and that the actual replica count matches the desired replica count.",2,
lifecycle-pod-scheduling,lifecycle,"Ensures that workload Pods do not specify nodeSelector or nodeAffinity. In most cases, Pods should allow for instantiation on any underlying Node. Workloads shall not use node selectors nor taints/tolerations to assign pod location.",2,"Pod: Reason For Non Compliance=Pod has node affinity; Namespace=nedr-agent; Pod Name=nedr-agent-4pnr4 Pod: Reason For Non Compliance=Pod has node affinity; Namespace=nedr-agent; Pod Name=nedr-agent-5wfwt Pod: Reason For Non Compliance=Pod has node affinity; Namespace=nedr-agent; Pod Name=nedr-agent-6jqqt Pod: Reason For Non Compliance=Pod has node affinity; Namespace=nedr-agent; Pod Name=nedr-agent-hrcdd Pod: Reason For Non Compliance=Pod has node affinity; Namespace=nedr-agent; Pod Name=nedr-agent-ll4bf Pod: Reason For Non Compliance=Pod has node affinity; Namespace=nedr-agent; Pod Name=nedr-agent-pnrjk Log: [ERROR] [Apr 16 14:47:44.827] [suite.go: 380] [lifecycle-pod-scheduling] Pod ""pod: nedr-agent-4pnr4 ns: nedr-agent"" has a node affinity clause. Node affinity: &NodeAffinity{RequiredDuringSchedulingIgnoredDuringExecution:&NodeSelector{NodeSelectorTerms:[]NodeSelectorTerm{NodeSelectorTerm{MatchExpressions:[]NodeSelectorRequirement{},MatchFields:[]NodeSelectorRequirement{NodeSelectorRequirement{Key:metadata.name,Operator:In,Values:[nedr0006node05.nedr0006.ds.tre.nsn-rdnet.net],},},},},},PreferredDuringSchedulingIgnoredDuringExecution:[]PreferredSchedulingTerm{},} [ERROR] [Apr 16 14:47:44.827] [suite.go: 380] [lifecycle-pod-scheduling] Pod ""pod: nedr-agent-5wfwt ns: nedr-agent"" has a node affinity clause. Node affinity: &NodeAffinity{RequiredDuringSchedulingIgnoredDuringExecution:&NodeSelector{NodeSelectorTerms:[]NodeSelectorTerm{NodeSelectorTerm{MatchExpressions:[]NodeSelectorRequirement{},MatchFields:[]NodeSelectorRequirement{NodeSelectorRequirement{Key:metadata.name,Operator:In,Values:[nedr0006node03.nedr0006.ds.tre.nsn-rdnet.net],},},},},},PreferredDuringSchedulingIgnoredDuringExecution:[]PreferredSchedulingTerm{},} [ERROR] [Apr 16 14:47:44.827] [suite.go: 380] [lifecycle-pod-scheduling] Pod ""pod: nedr-agent-6jqqt ns: nedr-agent"" has a node affinity clause. Node affinity: &NodeAffinity{RequiredDuringSchedulingIgnoredDuringExecution:&NodeSelector{NodeSelectorTerms:[]NodeSelectorTerm{NodeSelectorTerm{MatchExpressions:[]NodeSelectorRequirement{},MatchFields:[]NodeSelectorRequirement{NodeSelectorRequirement{Key:metadata.name,Operator:In,Values:[nedr0006node01.nedr0006.ds.tre.nsn-rdnet.net],},},},},},PreferredDuringSchedulingIgnoredDuringExecution:[]PreferredSchedulingTerm{},} [ERROR] [Apr 16 14:47:44.828] [suite.go: 380] [lifecycle-pod-scheduling] Pod ""pod: nedr-agent-hrcdd ns: nedr-agent"" has a node affinity clause. Node affinity: &NodeAffinity{RequiredDuringSchedulingIgnoredDuringExecution:&NodeSelector{NodeSelectorTerms:[]NodeSelectorTerm{NodeSelectorTerm{MatchExpressions:[]NodeSelectorRequirement{},MatchFields:[]NodeSelectorRequirement{NodeSelectorRequirement{Key:metadata.name,Operator:In,Values:[nedr0006node02.nedr0006.ds.tre.nsn-rdnet.net],},},},},},PreferredDuringSchedulingIgnoredDuringExecution:[]PreferredSchedulingTerm{},} [ERROR] [Apr 16 14:47:44.828] [suite.go: 380] [lifecycle-pod-scheduling] Pod ""pod: nedr-agent-ll4bf ns: nedr-agent"" has a node affinity clause. Node affinity: &NodeAffinity{RequiredDuringSchedulingIgnoredDuringExecution:&NodeSelector{NodeSelectorTerms:[]NodeSelectorTerm{NodeSelectorTerm{MatchExpressions:[]NodeSelectorRequirement{},MatchFields:[]NodeSelectorRequirement{NodeSelectorRequirement{Key:metadata.name,Operator:In,Values:[nedr0006node06.nedr0006.ds.tre.nsn-rdnet.net],},},},},},PreferredDuringSchedulingIgnoredDuringExecution:[]PreferredSchedulingTerm{},} [ERROR] [Apr 16 14:47:44.828] [suite.go: 380] [lifecycle-pod-scheduling] Pod ""pod: nedr-agent-pnrjk ns: nedr-agent"" has a node affinity clause. Node affinity: &NodeAffinity{RequiredDuringSchedulingIgnoredDuringExecution:&NodeSelector{NodeSelectorTerms:[]NodeSelectorTerm{NodeSelectorTerm{MatchExpressions:[]NodeSelectorRequirement{},MatchFields:[]NodeSelectorRequirement{NodeSelectorRequirement{Key:metadata.name,Operator:In,Values:[nedr0006node04.nedr0006.ds.tre.nsn-rdnet.net],},},},},},PreferredDuringSchedulingIgnoredDuringExecution:[]PreferredSchedulingTerm{},}"
lifecycle-pod-toleration-bypass,lifecycle,"Check that pods do not have NoExecute, PreferNoSchedule, or NoSchedule tolerations that have been modified from the default.",2,"Pod: Reason For Non Compliance=Pod has non-default toleration; Namespace=nedr-agent; Pod Name=nedr-agent-4pnr4; Toleration Key=node-role.kubernetes.io/master; Toleration Effect=NoSchedule Pod: Reason For Non Compliance=Pod has non-default toleration; Namespace=nedr-agent; Pod Name=nedr-agent-4pnr4; Toleration Key=is_edge; Toleration Effect=NoExecute Pod: Reason For Non Compliance=Pod has non-default toleration; Namespace=nedr-agent; Pod Name=nedr-agent-4pnr4; Toleration Key=is_control; Toleration Effect=NoExecute Pod: Reason For Non Compliance=Pod has non-default toleration; Namespace=nedr-agent; Pod Name=nedr-agent-4pnr4; Toleration Key=node-role.kubernetes.io/infra; Toleration Effect= Pod: Reason For Non Compliance=Pod has non-default toleration; Namespace=nedr-agent; Pod Name=nedr-agent-4pnr4; Toleration Key=node.ocs.openshift.io/gateway; Toleration Effect=NoExecute Pod: Reason For Non Compliance=Pod has non-default toleration; Namespace=nedr-agent; Pod Name=nedr-agent-4pnr4; Toleration Key=node.ocs.openshift.io/storage; Toleration Effect=NoSchedule Pod: Reason For Non Compliance=Pod has non-default toleration; Namespace=nedr-agent; Pod Name=nedr-agent-4pnr4; Toleration Key=node.kubernetes.io/not-ready; Toleration Effect=NoExecute Pod: Reason For Non Compliance=Pod has non-default toleration; Namespace=nedr-agent; Pod Name=nedr-agent-4pnr4; Toleration Key=node.kubernetes.io/unreachable; Toleration Effect=NoExecute (… 64 more non-compliant objects) Log: [ERROR] [Apr 16 14:47:44.829] [suite.go: 792] [lifecycle-pod-toleration-bypass] Pod ""pod: nedr-agent-4pnr4 ns: nedr-agent"" has been found with non-default toleration node-role.kubernetes.io/master/NoSchedule which is not allowed. [ERROR] [Apr 16 14:47:44.829] [suite.go: 792] [lifecycle-pod-toleration-bypass] Pod ""pod: nedr-agent-4pnr4 ns: nedr-agent"" has been found with non-default toleration is_edge/NoExecute which is not allowed. [ERROR] [Apr 16 14:47:44.829] [suite.go: 792] [lifecycle-pod-toleration-bypass] Pod ""pod: nedr-agent-4pnr4 ns: nedr-agent"" has been found with non-default toleration is_control/NoExecute which is not allowed. [ERROR] [Apr 16 14:47:44.829] [suite.go: 792] [lifecycle-pod-toleration-bypass] Pod ""pod: nedr-agent-4pnr4 ns: nedr-agent"" has been found with non-default toleration node-role.kubernetes.io/infra/ which is not allowed. [ERROR] [Apr 16 14:47:44.829] [suite.go: 792] [lifecycle-pod-toleration-bypass] Pod ""pod: nedr-agent-4pnr4 ns: nedr-agent"" has been found with non-default toleration node.ocs.openshift.io/gateway/NoExecute which is not allowed. [ERROR] [Apr 16 14:47:44.829] [suite.go: 792] [lifecycle-pod-toleration-bypass] Pod ""pod: nedr-agent-4pnr4 ns: nedr-agent"" has been found with non-default toleration node.ocs.openshift.io/storage/NoSchedule which is not allowed."
lifecycle-readiness-probe,lifecycle,"Check that all containers under test have readiness probe defined. There are different ways a pod can stop on on OpenShift cluster. One way is that the pod can remain alive but non-functional. Another way is that the pod can crash and become non-functional. In the first case, if the administrator has implemented liveness and readiness checks, OpenShift can stop the pod and either restart it on the same node or a different node in the cluster. For the second case, when the application in the pod stops, it should exit with a code and write suitable log entries to help the administrator diagnose what the issue was that caused the problem.",2,"Container: Reason For Non Compliance=Container does not have ReadinessProbe defined; Namespace=nedr-agent; Pod Name=nedr-agent-4pnr4; Container Name=agent Container: Reason For Non Compliance=Container does not have ReadinessProbe defined; Namespace=nedr-agent; Pod Name=nedr-agent-5wfwt; Container Name=agent Container: Reason For Non Compliance=Container does not have ReadinessProbe defined; Namespace=nedr-agent; Pod Name=nedr-agent-6jqqt; Container Name=agent Container: Reason For Non Compliance=Container does not have ReadinessProbe defined; Namespace=nedr-agent; Pod Name=nedr-agent-hrcdd; Container Name=agent Container: Reason For Non Compliance=Container does not have ReadinessProbe defined; Namespace=nedr-agent; Pod Name=nedr-agent-ll4bf; Container Name=agent Container: Reason For Non Compliance=Container does not have ReadinessProbe defined; Namespace=nedr-agent; Pod Name=nedr-agent-pnrjk; Container Name=agent Log: [ERROR] [Apr 16 14:47:44.815] [suite.go: 308] [lifecycle-readiness-probe] Container ""container: agent pod: nedr-agent-4pnr4 ns: nedr-agent"" does not have ReadinessProbe defined [ERROR] [Apr 16 14:47:44.815] [suite.go: 308] [lifecycle-readiness-probe] Container ""container: agent pod: nedr-agent-5wfwt ns: nedr-agent"" does not have ReadinessProbe defined [ERROR] [Apr 16 14:47:44.815] [suite.go: 308] [lifecycle-readiness-probe] Container ""container: agent pod: nedr-agent-6jqqt ns: nedr-agent"" does not have ReadinessProbe defined [ERROR] [Apr 16 14:47:44.815] [suite.go: 308] [lifecycle-readiness-probe] Container ""container: agent pod: nedr-agent-hrcdd ns: nedr-agent"" does not have ReadinessProbe defined [ERROR] [Apr 16 14:47:44.815] [suite.go: 308] [lifecycle-readiness-probe] Container ""container: agent pod: nedr-agent-ll4bf ns: nedr-agent"" does not have ReadinessProbe defined [ERROR] [Apr 16 14:47:44.815] [suite.go: 308] [lifecycle-readiness-probe] Container ""container: agent pod: nedr-agent-pnrjk ns: nedr-agent"" does not have ReadinessProbe defined"
lifecycle-startup-probe,lifecycle,"Check that all containers under test have startup probe defined. Workloads shall self-recover from common failures like pod failure, host failure, and network failure. Kubernetes native mechanisms such as health-checks (Liveness, Readiness and Startup Probes) shall be employed at a minimum.",2,"Container: Reason For Non Compliance=Container does not have StartupProbe defined; Namespace=nedr-agent; Pod Name=nedr-agent-4pnr4; Container Name=agent Container: Reason For Non Compliance=Container does not have StartupProbe defined; Namespace=nedr-agent; Pod Name=nedr-agent-5wfwt; Container Name=agent Container: Reason For Non Compliance=Container does not have StartupProbe defined; Namespace=nedr-agent; Pod Name=nedr-agent-6jqqt; Container Name=agent Container: Reason For Non Compliance=Container does not have StartupProbe defined; Namespace=nedr-agent; Pod Name=nedr-agent-hrcdd; Container Name=agent Container: Reason For Non Compliance=Container does not have StartupProbe defined; Namespace=nedr-agent; Pod Name=nedr-agent-ll4bf; Container Name=agent Container: Reason For Non Compliance=Container does not have StartupProbe defined; Namespace=nedr-agent; Pod Name=nedr-agent-pnrjk; Container Name=agent Log: [ERROR] [Apr 16 14:47:44.815] [suite.go: 340] [lifecycle-startup-probe] Container ""container: agent pod: nedr-agent-4pnr4 ns: nedr-agent"" does not have StartupProbe defined [ERROR] [Apr 16 14:47:44.815] [suite.go: 340] [lifecycle-startup-probe] Container ""container: agent pod: nedr-agent-5wfwt ns: nedr-agent"" does not have StartupProbe defined [ERROR] [Apr 16 14:47:44.815] [suite.go: 340] [lifecycle-startup-probe] Container ""container: agent pod: nedr-agent-6jqqt ns: nedr-agent"" does not have StartupProbe defined [ERROR] [Apr 16 14:47:44.815] [suite.go: 340] [lifecycle-startup-probe] Container ""container: agent pod: nedr-agent-hrcdd ns: nedr-agent"" does not have StartupProbe defined [ERROR] [Apr 16 14:47:44.815] [suite.go: 340] [lifecycle-startup-probe] Container ""container: agent pod: nedr-agent-ll4bf ns: nedr-agent"" does not have StartupProbe defined [ERROR] [Apr 16 14:47:44.815] [suite.go: 340] [lifecycle-startup-probe] Container ""container: agent pod: nedr-agent-pnrjk ns: nedr-agent"" does not have StartupProbe defined"
lifecycle-statefulset-scaling,lifecycle,"Tests that workload statefulsets support scale in/out operations. First, the test starts getting the current replicaCount (N) of the statefulset/s with the Pod Under Test. Then, it executes the scale-in oc command for (N-1) replicas. Lastly, it executes the scale-out oc command, restoring the original replicaCount of the statefulset/s. In case of statefulsets that are managed by HPA the test is changing the min and max value to statefulset Replica - 1 during scale-in and the original replicaCount again for both min/max during the scale-out stage. Lastly its restoring the original min/max replica of the statefulset/s",2,
lifecycle-storage-provisioner,lifecycle,"Checks that pods do not place persistent volumes on local storage in multinode clusters. Local storage is recommended for single node clusters, but only one type of local storage should be installed (lvms or noprovisioner).",2,
lifecycle-topology-spread-constraint,lifecycle,"Ensures that Deployments using TopologySpreadConstraints include constraints for both hostname and zone topology keys. This helps telco workloads avoid needing to tweak PodDisruptionBudgets before platform upgrades. If TopologySpreadConstraints is not defined, the test passes as Kubernetes scheduler implicitly uses hostname and zone constraints. Not applicable to SNO applications.",2,
manageability-container-port-name-format,manageability,Check that the container's ports name follow the naming conventions. Name field in ContainerPort section must be of form `<protocol>[-<suffix>]`. More naming convention requirements may be released in future,2,
manageability-containers-image-tag,manageability,Check that image tag exists on containers.,2,
networking-dual-stack-service,networking,Checks that all services in namespaces under test are either ipv6 single stack or dual stack. This test case requires the deployment of the probe daemonset.,3,
networking-icmpv4-connectivity,networking,Checks that each workload Container is able to communicate via ICMPv4 on the Default OpenShift network. This test case requires the Deployment of the probe daemonset and at least 2 pods connected to each network under test(one source and one destination). If no network with more than 2 pods exists this test will be skipped.,3,
networking-icmpv4-connectivity-multus,networking,Checks that each workload Container is able to communicate via ICMPv4 on the Multus network(s). This test case requires the Deployment of the probe daemonset and at least 2 pods connected to each network under test(one source and one destination). If no network with more than 2 pods exists this test will be skipped.,4,
networking-icmpv6-connectivity,networking,Checks that each workload Container is able to communicate via ICMPv6 on the Default OpenShift network. This test case requires the Deployment of the probe daemonset and at least 2 pods connected to each network under test(one source and one destination). If no network with more than 2 pods exists this test will be skipped.,4,
networking-icmpv6-connectivity-multus,networking,Checks that each workload Container is able to communicate via ICMPv6 on the Multus network(s). This test case requires the Deployment of the probe daemonset and at least 2 pods connected to each network under test(one source and one destination). If no network with more than 2 pods exists this test will be skipped.,4,
networking-network-attachment-definition-sriov-mtu,networking,Ensures that MTU values are set correctly in NetworkAttachmentDefinitions for SRIOV network interfaces.,3,
networking-network-policy-deny-all,networking,Check that network policies attached to namespaces running workload pods contain a default deny-all rule for both ingress and egress traffic,2,"Pod: Reason For Non Compliance=Pod was found to not have a default ingress deny-all network policy; Namespace=nedr-agent; Pod Name=nedr-agent-4pnr4 Pod: Reason For Non Compliance=Pod was found to not have a default egress deny-all network policy; Namespace=nedr-agent; Pod Name=nedr-agent-4pnr4 Pod: Reason For Non Compliance=Pod was found to not have a default ingress deny-all network policy; Namespace=nedr-agent; Pod Name=nedr-agent-5wfwt Pod: Reason For Non Compliance=Pod was found to not have a default egress deny-all network policy; Namespace=nedr-agent; Pod Name=nedr-agent-5wfwt Pod: Reason For Non Compliance=Pod was found to not have a default ingress deny-all network policy; Namespace=nedr-agent; Pod Name=nedr-agent-6jqqt Pod: Reason For Non Compliance=Pod was found to not have a default egress deny-all network policy; Namespace=nedr-agent; Pod Name=nedr-agent-6jqqt Pod: Reason For Non Compliance=Pod was found to not have a default ingress deny-all network policy; Namespace=nedr-agent; Pod Name=nedr-agent-hrcdd Pod: Reason For Non Compliance=Pod was found to not have a default egress deny-all network policy; Namespace=nedr-agent; Pod Name=nedr-agent-hrcdd (… 4 more non-compliant objects) Log: [ERROR] [Apr 16 14:47:42.395] [suite.go: 345] [networking-network-policy-deny-all] Pod ""pod: nedr-agent-4pnr4 ns: nedr-agent"" was found to not have a default ingress deny-all network policy. [ERROR] [Apr 16 14:47:42.395] [suite.go: 351] [networking-network-policy-deny-all] Pod ""pod: nedr-agent-4pnr4 ns: nedr-agent"" was found to not have a default egress deny-all network policy. [ERROR] [Apr 16 14:47:42.395] [suite.go: 345] [networking-network-policy-deny-all] Pod ""pod: nedr-agent-5wfwt ns: nedr-agent"" was found to not have a default ingress deny-all network policy. [ERROR] [Apr 16 14:47:42.395] [suite.go: 351] [networking-network-policy-deny-all] Pod ""pod: nedr-agent-5wfwt ns: nedr-agent"" was found to not have a default egress deny-all network policy. [ERROR] [Apr 16 14:47:42.395] [suite.go: 345] [networking-network-policy-deny-all] Pod ""pod: nedr-agent-6jqqt ns: nedr-agent"" was found to not have a default ingress deny-all network policy. [ERROR] [Apr 16 14:47:42.395] [suite.go: 351] [networking-network-policy-deny-all] Pod ""pod: nedr-agent-6jqqt ns: nedr-agent"" was found to not have a default egress deny-all network policy."
networking-ocp-reserved-ports-usage,networking,Check that containers do not listen on ports that are reserved by OpenShift,1,"Listening Port: Reason For Non Compliance=Pod Listens to OCP reserved port in map[22623:true 22624:true]; Namespace=nedr-agent; Pod Name=nedr-agent-5wfwt; Port Number=22624; Port Protocol=TCP Listening Port: Reason For Non Compliance=Pod Listens to OCP reserved port in map[22623:true 22624:true]; Namespace=nedr-agent; Pod Name=nedr-agent-5wfwt; Port Number=22623; Port Protocol=TCP Pod: Reason For Non Compliance=Pod listens to or its containers declares some OCP reserved port in map[22623:true 22624:true]; Namespace=nedr-agent; Pod Name=nedr-agent-5wfwt Listening Port: Reason For Non Compliance=Pod Listens to OCP reserved port in map[22623:true 22624:true]; Namespace=nedr-agent; Pod Name=nedr-agent-6jqqt; Port Number=22624; Port Protocol=TCP Listening Port: Reason For Non Compliance=Pod Listens to OCP reserved port in map[22623:true 22624:true]; Namespace=nedr-agent; Pod Name=nedr-agent-6jqqt; Port Number=22623; Port Protocol=TCP Pod: Reason For Non Compliance=Pod listens to or its containers declares some OCP reserved port in map[22623:true 22624:true]; Namespace=nedr-agent; Pod Name=nedr-agent-6jqqt Listening Port: Reason For Non Compliance=Pod Listens to OCP reserved port in map[22623:true 22624:true]; Namespace=nedr-agent; Pod Name=nedr-agent-hrcdd; Port Number=22623; Port Protocol=TCP Listening Port: Reason For Non Compliance=Pod Listens to OCP reserved port in map[22623:true 22624:true]; Namespace=nedr-agent; Pod Name=nedr-agent-hrcdd; Port Number=22624; Port Protocol=TCP (… 1 more non-compliant objects) Log: [ERROR] [Apr 16 14:47:40.882] [netcommons.go: 219] [networking-ocp-reserved-ports-usage] ""pod: nedr-agent-5wfwt ns: nedr-agent"" has one container (""agent"") listening on port 22624 (TCP) that has been reserved [ERROR] [Apr 16 14:47:40.883] [netcommons.go: 219] [networking-ocp-reserved-ports-usage] ""pod: nedr-agent-5wfwt ns: nedr-agent"" has one container (""agent"") listening on port 22623 (TCP) that has been reserved [ERROR] [Apr 16 14:47:41.185] [netcommons.go: 219] [networking-ocp-reserved-ports-usage] ""pod: nedr-agent-6jqqt ns: nedr-agent"" has one container (""agent"") listening on port 22624 (TCP) that has been reserved [ERROR] [Apr 16 14:47:41.185] [netcommons.go: 219] [networking-ocp-reserved-ports-usage] ""pod: nedr-agent-6jqqt ns: nedr-agent"" has one container (""agent"") listening on port 22623 (TCP) that has been reserved [ERROR] [Apr 16 14:47:41.548] [netcommons.go: 219] [networking-ocp-reserved-ports-usage] ""pod: nedr-agent-hrcdd ns: nedr-agent"" has one container (""agent"") listening on port 22623 (TCP) that has been reserved [ERROR] [Apr 16 14:47:41.549] [netcommons.go: 219] [networking-ocp-reserved-ports-usage] ""pod: nedr-agent-hrcdd ns: nedr-agent"" has one container (""agent"") listening on port 22624 (TCP) that has been reserved"
networking-reserved-partner-ports,networking,Checks that pods and containers are not consuming ports designated as reserved by partner,2,
networking-restart-on-reboot-sriov-pod,networking,Ensures that the label restart-on-reboot exists on pods that use SRIOV network interfaces.,2,
networking-undeclared-container-ports-usage,networking,Check that containers do not listen on ports that weren't declared in their specification. Platforms may be configured to block undeclared ports.,2,"Listening Port: Reason For Non Compliance=Listening port was declared in no container spec; Namespace=nedr-agent; Pod Name=nedr-agent-4pnr4; Port Number=22; Port Protocol=TCP Listening Port: Reason For Non Compliance=Listening port was declared in no container spec; Namespace=nedr-agent; Pod Name=nedr-agent-4pnr4; Port Number=9140; Port Protocol=TCP Listening Port: Reason For Non Compliance=Listening port was declared in no container spec; Namespace=nedr-agent; Pod Name=nedr-agent-4pnr4; Port Number=29105; Port Protocol=TCP Listening Port: Reason For Non Compliance=Listening port was declared in no container spec; Namespace=nedr-agent; Pod Name=nedr-agent-4pnr4; Port Number=443; Port Protocol=TCP Listening Port: Reason For Non Compliance=Listening port was declared in no container spec; Namespace=nedr-agent; Pod Name=nedr-agent-4pnr4; Port Number=9141; Port Protocol=TCP Listening Port: Reason For Non Compliance=Listening port was declared in no container spec; Namespace=nedr-agent; Pod Name=nedr-agent-4pnr4; Port Number=53819; Port Protocol=TCP Listening Port: Reason For Non Compliance=Listening port was declared in no container spec; Namespace=nedr-agent; Pod Name=nedr-agent-4pnr4; Port Number=10248; Port Protocol=TCP Listening Port: Reason For Non Compliance=Listening port was declared in no container spec; Namespace=nedr-agent; Pod Name=nedr-agent-4pnr4; Port Number=8797; Port Protocol=TCP (… 279 more non-compliant objects) Log: [ERROR] [Apr 16 14:47:37.861] [suite.go: 205] [networking-undeclared-container-ports-usage] ""pod: nedr-agent-4pnr4 ns: nedr-agent"" is listening on port 22 protocol ""TCP"", but that port was not declared in any container spec. [ERROR] [Apr 16 14:47:37.861] [suite.go: 205] [networking-undeclared-container-ports-usage] ""pod: nedr-agent-4pnr4 ns: nedr-agent"" is listening on port 9140 protocol ""TCP"", but that port was not declared in any container spec. [ERROR] [Apr 16 14:47:37.861] [suite.go: 205] [networking-undeclared-container-ports-usage] ""pod: nedr-agent-4pnr4 ns: nedr-agent"" is listening on port 29105 protocol ""TCP"", but that port was not declared in any container spec. [ERROR] [Apr 16 14:47:37.861] [suite.go: 205] [networking-undeclared-container-ports-usage] ""pod: nedr-agent-4pnr4 ns: nedr-agent"" is listening on port 443 protocol ""TCP"", but that port was not declared in any container spec. [ERROR] [Apr 16 14:47:37.861] [suite.go: 205] [networking-undeclared-container-ports-usage] ""pod: nedr-agent-4pnr4 ns: nedr-agent"" is listening on port 9141 protocol ""TCP"", but that port was not declared in any container spec. [ERROR] [Apr 16 14:47:37.861] [suite.go: 205] [networking-undeclared-container-ports-usage] ""pod: nedr-agent-4pnr4 ns: nedr-agent"" is listening on port 53819 protocol ""TCP"", but that port was not declared in any container spec."
observability-compatibility-with-next-ocp-release,observability,Checks to ensure if the APIs the workload uses are compatible with the next OCP version,2,
observability-container-logging,observability,"Check that all containers under test use standard input output and standard error when logging. A container must provide APIs for the platform to observe the container health and act accordingly. These APIs include health checks (liveness and readiness), logging to stderr and stdout for log aggregation (by tools such as Logstash or Filebeat), and integrate with tracing and metrics-gathering libraries (such as Prometheus or Metricbeat).",2,
observability-crd-status,observability,Checks that all CRDs have a status sub-resource specification (Spec.versions[].Schema.OpenAPIV3Schema.Properties[“status”]).,3,
observability-pod-disruption-budget,observability,"Checks to see if pod disruption budgets have allowed values for minAvailable and maxUnavailable, and verifies that PDBs are zone-aware (can tolerate an entire zone going offline during platform upgrades)",3,
observability-termination-policy,observability,"Check that all containers are using terminationMessagePolicy: FallbackToLogsOnError. There are different ways a pod can stop on an OpenShift cluster. One way is that the pod can remain alive but non-functional. Another way is that the pod can crash and become non-functional. In the first case, if the administrator has implemented liveness and readiness checks, OpenShift can stop the pod and either restart it on the same node or a different node in the cluster. For the second case, when the application in the pod stops, it should exit with a code and write suitable log entries to help the administrator diagnose what the issue was that caused the problem.",2,"Container: Reason For Non Compliance=TerminationMessagePolicy is not FallbackToLogsOnError; Namespace=nedr-agent; Pod Name=nedr-agent-4pnr4; Container Name=agent Container: Reason For Non Compliance=TerminationMessagePolicy is not FallbackToLogsOnError; Namespace=nedr-agent; Pod Name=nedr-agent-5wfwt; Container Name=agent Container: Reason For Non Compliance=TerminationMessagePolicy is not FallbackToLogsOnError; Namespace=nedr-agent; Pod Name=nedr-agent-6jqqt; Container Name=agent Container: Reason For Non Compliance=TerminationMessagePolicy is not FallbackToLogsOnError; Namespace=nedr-agent; Pod Name=nedr-agent-hrcdd; Container Name=agent Container: Reason For Non Compliance=TerminationMessagePolicy is not FallbackToLogsOnError; Namespace=nedr-agent; Pod Name=nedr-agent-ll4bf; Container Name=agent Container: Reason For Non Compliance=TerminationMessagePolicy is not FallbackToLogsOnError; Namespace=nedr-agent; Pod Name=nedr-agent-pnrjk; Container Name=agent Log: [ERROR] [Apr 16 14:47:44.809] [suite.go: 184] [observability-termination-policy] Container ""container: agent pod: nedr-agent-4pnr4 ns: nedr-agent"" does not have a TerminationMessagePolicy: FallbackToLogsOnError (has File) [ERROR] [Apr 16 14:47:44.809] [suite.go: 184] [observability-termination-policy] Container ""container: agent pod: nedr-agent-5wfwt ns: nedr-agent"" does not have a TerminationMessagePolicy: FallbackToLogsOnError (has File) [ERROR] [Apr 16 14:47:44.809] [suite.go: 184] [observability-termination-policy] Container ""container: agent pod: nedr-agent-6jqqt ns: nedr-agent"" does not have a TerminationMessagePolicy: FallbackToLogsOnError (has File) [ERROR] [Apr 16 14:47:44.809] [suite.go: 184] [observability-termination-policy] Container ""container: agent pod: nedr-agent-hrcdd ns: nedr-agent"" does not have a TerminationMessagePolicy: FallbackToLogsOnError (has File) [ERROR] [Apr 16 14:47:44.809] [suite.go: 184] [observability-termination-policy] Container ""container: agent pod: nedr-agent-ll4bf ns: nedr-agent"" does not have a TerminationMessagePolicy: FallbackToLogsOnError (has File) [ERROR] [Apr 16 14:47:44.809] [suite.go: 184] [observability-termination-policy] Container ""container: agent pod: nedr-agent-pnrjk ns: nedr-agent"" does not have a TerminationMessagePolicy: FallbackToLogsOnError (has File)"
operator-catalogsource-bundle-count,operator,Tests operator catalog source bundle count is less than 1000,2,
operator-crd-openapi-schema,operator,Tests whether an application Operator CRD is defined with OpenAPI spec.,2,
operator-crd-versioning,operator,Tests whether the Operator CRD has a valid versioning.,2,
operator-install-source,operator,Tests whether a workload Operator is installed via OLM.,2,
operator-install-status-no-privileges,operator,Checks whether the operator needs access to Security Context Constraints. Test passes if clusterPermissions is not present in the CSV manifest or is present with no RBAC rules related to SCCs.,2,
operator-install-status-succeeded,operator,"Ensures that the target workload operators report ""Succeeded"" as their installation status.",2,
operator-multiple-same-operators,operator,Tests whether multiple instances of the same Operator CSV are installed.,2,
operator-olm-skip-range,operator,Test that checks the operator has a valid olm skip range.,2,
operator-pods-no-hugepages,operator,Tests that the pods do not have hugepages enabled.,2,
operator-semantic-versioning,operator,Tests whether an application Operator has a valid semantic versioning.,2,
operator-single-crd-owner,operator,Tests whether a CRD is owned by a single Operator.,2,
operator-single-or-multi-namespaced-allowed-in-tenant-namespaces,operator,"Verifies that only single/multi namespaced operators are installed in a tenant-dedicated namespace. The test fails if this namespace contains any installed operator with Own/All-namespaced install mode, unlabeled operators, operands of any operator installed elsewhere, or pods unrelated to any operator.",2,
performance-cpu-pinning-no-exec-probes,performance,"Workloads utilizing CPU pinning (Guaranteed QoS with exclusive CPUs) should not use exec probes. Exec probes run a command within the container, which could interfere with latency-sensitive workloads and cause performance degradation.",2,
performance-exclusive-cpu-pool,performance,Ensures that if one container in a Pod selects an exclusive CPU pool the rest select the same type of CPU pool,2,
performance-exclusive-cpu-pool-rt-scheduling-policy,performance,"Ensures that if application workload runs in exclusive CPU pool, it chooses RT CPU schedule policy and set the priority less than 10.",2,
performance-isolated-cpu-pool-rt-scheduling-policy,performance,Ensures that a workload running in an application-isolated exclusive CPU pool selects a RT CPU scheduling policy,2,
performance-max-resources-exec-probes,performance,Checks that less than 10 exec probes are configured in the cluster for this workload. Also checks that the periodSeconds parameter for each probe is superior or equal to 10.,2,
performance-rt-apps-no-exec-probes,performance,Ensures that if one container runs a real time application exec probes are not used,2,
performance-shared-cpu-pool-non-rt-scheduling-policy,performance,"Ensures that if application workload runs in shared CPU pool, it chooses non-RT CPU schedule policy to always share the CPU with other applications and kernel threads.",2,
platform-alteration-base-image,platform-alteration,"Ensures that the Container Base Image is not altered post-startup. This test is a heuristic, and ensures that there are no changes to the following directories: 1) /var/lib/rpm 2) /var/lib/dpkg 3) /bin 4) /sbin 5) /lib 6) /lib64 7) /usr/bin 8) /usr/sbin 9) /usr/lib 10) /usr/lib64",2,
platform-alteration-boot-params,platform-alteration,"Tests that boot parameters are set through the MachineConfigOperator, and not set manually on the Node.",2,
platform-alteration-cluster-operator-health,platform-alteration,Tests that all cluster operators are healthy.,2,
platform-alteration-hugepages-1g-only,platform-alteration,Check that pods using hugepages only use 1Gi size,2,
platform-alteration-hugepages-2m-only,platform-alteration,Check that pods using hugepages only use 2Mi size,2,
platform-alteration-hugepages-config,platform-alteration,"Checks to see that HugePage settings have been configured through MachineConfig, and not manually on the underlying Node. This test case applies only to Nodes that are labeled as workers with the standard label ""node-role.kubernetes.io/worker"". First, the MachineConfig is inspected for hugepage settings in systemd units. If not, the MC's .spec.kernelArguments are inspected for hugepage settings. The sizes and page numbers are compared, and the test passes only if they are the same than then ones in node's /sys/kernel/mm/hugepages/hugepages-X folders.",2,
platform-alteration-hyperthread-enable,platform-alteration,Check that baremetal workers have hyperthreading enabled,2,
platform-alteration-is-selinux-enforcing,platform-alteration,"verifies that all openshift platform/cluster nodes have selinux in ""Enforcing"" mode.",2,
platform-alteration-isredhat-release,platform-alteration,verifies if the container base image is redhat.,2,"Container: Reason For Non Compliance=Failed the RHEL release check; Namespace=nedr-agent; Pod Name=nedr-agent-4pnr4; Container Name=agent Container: Reason For Non Compliance=Failed the RHEL release check; Namespace=nedr-agent; Pod Name=nedr-agent-5wfwt; Container Name=agent Container: Reason For Non Compliance=Failed the RHEL release check; Namespace=nedr-agent; Pod Name=nedr-agent-6jqqt; Container Name=agent Container: Reason For Non Compliance=Failed the RHEL release check; Namespace=nedr-agent; Pod Name=nedr-agent-hrcdd; Container Name=agent Container: Reason For Non Compliance=Failed the RHEL release check; Namespace=nedr-agent; Pod Name=nedr-agent-ll4bf; Container Name=agent Container: Reason For Non Compliance=Failed the RHEL release check; Namespace=nedr-agent; Pod Name=nedr-agent-pnrjk; Container Name=agent Log: [ERROR] [Apr 16 14:47:49.796] [suite.go: 416] [platform-alteration-isredhat-release] Container ""container: agent pod: nedr-agent-4pnr4 ns: nedr-agent"" has failed the RHEL release check [ERROR] [Apr 16 14:47:49.836] [suite.go: 416] [platform-alteration-isredhat-release] Container ""container: agent pod: nedr-agent-5wfwt ns: nedr-agent"" has failed the RHEL release check [ERROR] [Apr 16 14:47:49.879] [suite.go: 416] [platform-alteration-isredhat-release] Container ""container: agent pod: nedr-agent-6jqqt ns: nedr-agent"" has failed the RHEL release check [ERROR] [Apr 16 14:47:49.924] [suite.go: 416] [platform-alteration-isredhat-release] Container ""container: agent pod: nedr-agent-hrcdd ns: nedr-agent"" has failed the RHEL release check [ERROR] [Apr 16 14:47:49.962] [suite.go: 416] [platform-alteration-isredhat-release] Container ""container: agent pod: nedr-agent-ll4bf ns: nedr-agent"" has failed the RHEL release check [ERROR] [Apr 16 14:47:50.000] [suite.go: 416] [platform-alteration-isredhat-release] Container ""container: agent pod: nedr-agent-pnrjk ns: nedr-agent"" has failed the RHEL release check"
platform-alteration-ocp-lifecycle,platform-alteration,Tests that the running OCP version is not end of life.,2,
platform-alteration-ocp-node-os-lifecycle,platform-alteration,Tests that the nodes running in the cluster have operating systems that are compatible with the deployed version of OpenShift.,2,
platform-alteration-service-mesh-usage,platform-alteration,"Checks if the istio namespace (""istio-system"") is present. If it is present, checks that the istio sidecar is present in all pods under test.",2,
platform-alteration-sysctl-config,platform-alteration,"Tests that no one has changed the node's sysctl configs after the node was created, the tests works by checking if the sysctl configs are consistent with the MachineConfig CR which defines how the node should be configured",2,
platform-alteration-tainted-node-kernel,platform-alteration,"Ensures that the Node(s) hosting workloads do not utilize tainted kernels. This test case is especially
important to support Highly Available workloads, since when a workload is re-instantiated on a backup Node,
that Node's kernel may not have the same hacks.'",1,